id,debit,credit,amount,debit_balance,credit_balance,ascii
M1,A_10_1,L_7_1,90.0,5580.0,-5220.0,A_10_1 ──(90.0)──▶ L_7_1
M2,A_1_1,L_7_1,80.0,5890.0,-5220.0,A_1_1 ──(80.0)──▶ L_7_1
M3,A_9_1,L_1_1,80.0,5000.0,-6080.0,A_9_1 ──(80.0)──▶ L_1_1
M4,A_6_1,L_3_1,10.0,5520.0,-4760.0,A_6_1 ──(10.0)──▶ L_3_1
M5,A_5_1,L_7_1,80.0,5280.0,-5220.0,A_5_1 ──(80.0)──▶ L_7_1
M6,A_2_1,L_1_1,20.0,5000.0,-6080.0,A_2_1 ──(20.0)──▶ L_1_1
M7,A_9_1,L_5_1,10.0,5000.0,-5100.0,A_9_1 ──(10.0)──▶ L_5_1
M8,A_9_1,L_3_1,70.0,5000.0,-4760.0,A_9_1 ──(70.0)──▶ L_3_1
M9,A_2_1,L_7_1,50.0,5000.0,-5220.0,A_2_1 ──(50.0)──▶ L_7_1
M10,A_9_1,L_7_1,20.0,5000.0,-5220.0,A_9_1 ──(20.0)──▶ L_7_1
M11,A_7_1,L_6_1,40.0,5470.0,-5350.0,A_7_1 ──(40.0)──▶ L_6_1
M12,A_7_1,L_5_1,90.0,5470.0,-5100.0,A_7_1 ──(90.0)──▶ L_5_1
M13,A_1_1,L_2_1,20.0,5890.0,-4050.0,A_1_1 ──(20.0)──▶ L_2_1
M14,A_8_1,L_7_1,70.0,5250.0,-5220.0,A_8_1 ──(70.0)──▶ L_7_1
M15,A_3_1,L_4_1,70.0,6320.0,-6310.0,A_3_1 ──(70.0)──▶ L_4_1
M16,A_8_1,L_1_1,20.0,5250.0,-6080.0,A_8_1 ──(20.0)──▶ L_1_1
M17,A_8_1,L_9_1,90.0,5250.0,-6370.0,A_8_1 ──(90.0)──▶ L_9_1
M18,A_8_1,L_9_1,40.0,5250.0,-6370.0,A_8_1 ──(40.0)──▶ L_9_1
M19,A_8_1,L_3_1,30.0,5250.0,-4760.0,A_8_1 ──(30.0)──▶ L_3_1
M20,A_1_1,L_10_1,80.0,5890.0,-6620.0,A_1_1 ──(80.0)──▶ L_10_1
M21,A_3_1,L_5_1,80.0,6320.0,-5100.0,A_3_1 ──(80.0)──▶ L_5_1
M22,A_7_1,L_9_1,20.0,5470.0,-6370.0,A_7_1 ──(20.0)──▶ L_9_1
M23,A_9_1,L_7_1,30.0,5000.0,-5220.0,A_9_1 ──(30.0)──▶ L_7_1
M24,A_7_1,L_5_1,60.0,5470.0,-5100.0,A_7_1 ──(60.0)──▶ L_5_1
M25,A_4_1,L_9_1,70.0,5730.0,-6370.0,A_4_1 ──(70.0)──▶ L_9_1
M26,A_1_1,L_2_1,60.0,5890.0,-4050.0,A_1_1 ──(60.0)──▶ L_2_1
M27,A_8_1,L_2_1,10.0,5250.0,-4050.0,A_8_1 ──(10.0)──▶ L_2_1
M28,A_8_1,L_4_1,10.0,5250.0,-6310.0,A_8_1 ──(10.0)──▶ L_4_1
M29,A_10_1,L_7_1,60.0,5580.0,-5220.0,A_10_1 ──(60.0)──▶ L_7_1
M30,A_3_1,L_1_1,90.0,6320.0,-6080.0,A_3_1 ──(90.0)──▶ L_1_1
M31,A_9_1,L_1_1,20.0,5000.0,-6080.0,A_9_1 ──(20.0)──▶ L_1_1
M32,A_6_1,L_1_1,60.0,5520.0,-6080.0,A_6_1 ──(60.0)──▶ L_1_1
M33,A_3_1,L_6_1,60.0,6320.0,-5350.0,A_3_1 ──(60.0)──▶ L_6_1
M34,A_1_1,L_7_1,40.0,5890.0,-5220.0,A_1_1 ──(40.0)──▶ L_7_1
M35,A_2_1,L_5_1,30.0,5000.0,-5100.0,A_2_1 ──(30.0)──▶ L_5_1
M36,A_10_1,L_9_1,100.0,5580.0,-6370.0,A_10_1 ──(100.0)──▶ L_9_1
M37,A_1_1,L_6_1,40.0,5890.0,-5350.0,A_1_1 ──(40.0)──▶ L_6_1
M38,A_9_1,L_8_1,70.0,5000.0,-5180.0,A_9_1 ──(70.0)──▶ L_8_1
M39,A_2_1,L_9_1,20.0,5000.0,-6370.0,A_2_1 ──(20.0)──▶ L_9_1
M40,A_9_1,L_4_1,60.0,5000.0,-6310.0,A_9_1 ──(60.0)──▶ L_4_1
M41,A_1_1,L_4_1,50.0,5890.0,-6310.0,A_1_1 ──(50.0)──▶ L_4_1
M42,A_5_1,L_10_1,90.0,5280.0,-6620.0,A_5_1 ──(90.0)──▶ L_10_1
M43,A_3_1,L_7_1,20.0,6320.0,-5220.0,A_3_1 ──(20.0)──▶ L_7_1
M44,A_10_1,L_9_1,60.0,5580.0,-6370.0,A_10_1 ──(60.0)──▶ L_9_1
M45,A_1_1,L_6_1,10.0,5890.0,-5350.0,A_1_1 ──(10.0)──▶ L_6_1
M46,A_3_1,L_2_1,80.0,6320.0,-4050.0,A_3_1 ──(80.0)──▶ L_2_1
M47,A_4_1,L_9_1,100.0,5730.0,-6370.0,A_4_1 ──(100.0)──▶ L_9_1
M48,A_10_1,L_7_1,100.0,5580.0,-5220.0,A_10_1 ──(100.0)──▶ L_7_1
M49,A_9_1,L_3_1,20.0,5000.0,-4760.0,A_9_1 ──(20.0)──▶ L_3_1
M50,A_4_1,L_1_1,70.0,5730.0,-6080.0,A_4_1 ──(70.0)──▶ L_1_1
M51,A_4_1,L_1_1,60.0,5730.0,-6080.0,A_4_1 ──(60.0)──▶ L_1_1
M52,A_6_1,L_10_1,70.0,5520.0,-6620.0,A_6_1 ──(70.0)──▶ L_10_1
M53,A_6_1,L_2_1,10.0,5520.0,-4050.0,A_6_1 ──(10.0)──▶ L_2_1
M54,A_9_1,L_6_1,100.0,5000.0,-5350.0,A_9_1 ──(100.0)──▶ L_6_1
M55,A_9_1,L_5_1,20.0,5000.0,-5100.0,A_9_1 ──(20.0)──▶ L_5_1
M56,A_5_1,L_2_1,60.0,5280.0,-4050.0,A_5_1 ──(60.0)──▶ L_2_1
M57,A_2_1,L_3_1,50.0,5000.0,-4760.0,A_2_1 ──(50.0)──▶ L_3_1
M58,A_7_1,L_8_1,100.0,5470.0,-5180.0,A_7_1 ──(100.0)──▶ L_8_1
M59,A_2_1,L_3_1,70.0,5000.0,-4760.0,A_2_1 ──(70.0)──▶ L_3_1
M60,A_2_1,L_7_1,90.0,5000.0,-5220.0,A_2_1 ──(90.0)──▶ L_7_1
M61,A_9_1,L_10_1,60.0,5000.0,-6620.0,A_9_1 ──(60.0)──▶ L_10_1
M62,A_10_1,L_9_1,90.0,5580.0,-6370.0,A_10_1 ──(90.0)──▶ L_9_1
M63,A_3_1,L_9_1,10.0,6320.0,-6370.0,A_3_1 ──(10.0)──▶ L_9_1
M64,A_4_1,L_5_1,50.0,5730.0,-5100.0,A_4_1 ──(50.0)──▶ L_5_1
M65,A_5_1,L_1_1,30.0,5280.0,-6080.0,A_5_1 ──(30.0)──▶ L_1_1
M66,A_2_1,L_6_1,10.0,5000.0,-5350.0,A_2_1 ──(10.0)──▶ L_6_1
M67,A_1_1,L_10_1,100.0,5890.0,-6620.0,A_1_1 ──(100.0)──▶ L_10_1
M68,A_1_1,L_6_1,20.0,5890.0,-5350.0,A_1_1 ──(20.0)──▶ L_6_1
M69,A_8_1,L_2_1,70.0,5250.0,-4050.0,A_8_1 ──(70.0)──▶ L_2_1
M70,A_4_1,L_7_1,80.0,5730.0,-5220.0,A_4_1 ──(80.0)──▶ L_7_1
M71,A_8_1,L_10_1,30.0,5250.0,-6620.0,A_8_1 ──(30.0)──▶ L_10_1
M72,A_6_1,L_3_1,30.0,5520.0,-4760.0,A_6_1 ──(30.0)──▶ L_3_1
M73,A_6_1,L_5_1,80.0,5520.0,-5100.0,A_6_1 ──(80.0)──▶ L_5_1
M74,A_6_1,L_4_1,100.0,5520.0,-6310.0,A_6_1 ──(100.0)──▶ L_4_1
M75,A_4_1,L_3_1,30.0,5730.0,-4760.0,A_4_1 ──(30.0)──▶ L_3_1
M76,A_6_1,L_3_1,70.0,5520.0,-4760.0,A_6_1 ──(70.0)──▶ L_3_1
M77,A_1_1,L_8_1,70.0,5890.0,-5180.0,A_1_1 ──(70.0)──▶ L_8_1
M78,A_5_1,L_6_1,80.0,5280.0,-5350.0,A_5_1 ──(80.0)──▶ L_6_1
M79,A_2_1,L_6_1,10.0,5000.0,-5350.0,A_2_1 ──(10.0)──▶ L_6_1
M80,A_8_1,L_3_1,70.0,5250.0,-4760.0,A_8_1 ──(70.0)──▶ L_3_1
M81,A_5_1,L_1_1,50.0,5280.0,-6080.0,A_5_1 ──(50.0)──▶ L_1_1
M82,A_7_1,L_10_1,90.0,5470.0,-6620.0,A_7_1 ──(90.0)──▶ L_10_1
M83,A_7_1,L_6_1,10.0,5470.0,-5350.0,A_7_1 ──(10.0)──▶ L_6_1
M84,A_3_1,L_4_1,90.0,6320.0,-6310.0,A_3_1 ──(90.0)──▶ L_4_1
M85,A_1_1,L_9_1,80.0,5890.0,-6370.0,A_1_1 ──(80.0)──▶ L_9_1
M86,A_10_1,L_3_1,30.0,5580.0,-4760.0,A_10_1 ──(30.0)──▶ L_3_1
M87,A_4_1,L_3_1,40.0,5730.0,-4760.0,A_4_1 ──(40.0)──▶ L_3_1
M88,A_2_1,L_9_1,40.0,5000.0,-6370.0,A_2_1 ──(40.0)──▶ L_9_1
M89,A_9_1,L_1_1,30.0,5000.0,-6080.0,A_9_1 ──(30.0)──▶ L_1_1
M90,A_10_1,L_2_1,30.0,5580.0,-4050.0,A_10_1 ──(30.0)──▶ L_2_1
M91,A_5_1,L_1_1,20.0,5280.0,-6080.0,A_5_1 ──(20.0)──▶ L_1_1
M92,A_2_1,L_7_1,80.0,5000.0,-5220.0,A_2_1 ──(80.0)──▶ L_7_1
M93,A_1_1,L_6_1,80.0,5890.0,-5350.0,A_1_1 ──(80.0)──▶ L_6_1
M94,A_5_1,L_7_1,100.0,5280.0,-5220.0,A_5_1 ──(100.0)──▶ L_7_1
M95,A_10_1,L_7_1,90.0,5580.0,-5220.0,A_10_1 ──(90.0)──▶ L_7_1
M96,A_4_1,L_7_1,100.0,5730.0,-5220.0,A_4_1 ──(100.0)──▶ L_7_1
M97,A_4_1,L_1_1,70.0,5730.0,-6080.0,A_4_1 ──(70.0)──▶ L_1_1
M98,A_3_1,L_9_1,20.0,6320.0,-6370.0,A_3_1 ──(20.0)──▶ L_9_1
M99,A_1_1,L_3_1,80.0,5890.0,-4760.0,A_1_1 ──(80.0)──▶ L_3_1
M100,A_8_1,L_9_1,40.0,5250.0,-6370.0,A_8_1 ──(40.0)──▶ L_9_1
M101,A_7_1,L_5_1,30.0,5470.0,-5100.0,A_7_1 ──(30.0)──▶ L_5_1
M102,A_3_1,L_10_1,70.0,6320.0,-6620.0,A_3_1 ──(70.0)──▶ L_10_1
M103,A_1_1,L_8_1,100.0,5890.0,-5180.0,A_1_1 ──(100.0)──▶ L_8_1
M104,A_3_1,L_8_1,10.0,6320.0,-5180.0,A_3_1 ──(10.0)──▶ L_8_1
M105,A_7_1,L_4_1,30.0,5470.0,-6310.0,A_7_1 ──(30.0)──▶ L_4_1
M106,A_10_1,L_2_1,60.0,5580.0,-4050.0,A_10_1 ──(60.0)──▶ L_2_1
M107,A_7_1,L_10_1,90.0,5470.0,-6620.0,A_7_1 ──(90.0)──▶ L_10_1
M108,A_3_1,L_9_1,90.0,6320.0,-6370.0,A_3_1 ──(90.0)──▶ L_9_1
M109,A_5_1,L_7_1,10.0,5280.0,-5220.0,A_5_1 ──(10.0)──▶ L_7_1
M110,A_4_1,L_8_1,60.0,5730.0,-5180.0,A_4_1 ──(60.0)──▶ L_8_1
M111,A_2_1,L_3_1,70.0,5000.0,-4760.0,A_2_1 ──(70.0)──▶ L_3_1
M112,A_4_1,L_8_1,20.0,5730.0,-5180.0,A_4_1 ──(20.0)──▶ L_8_1
M113,A_10_1,L_6_1,30.0,5580.0,-5350.0,A_10_1 ──(30.0)──▶ L_6_1
M114,A_4_1,L_1_1,90.0,5730.0,-6080.0,A_4_1 ──(90.0)──▶ L_1_1
M115,A_5_1,L_2_1,40.0,5280.0,-4050.0,A_5_1 ──(40.0)──▶ L_2_1
M116,A_10_1,L_4_1,60.0,5580.0,-6310.0,A_10_1 ──(60.0)──▶ L_4_1
M117,A_1_1,L_5_1,90.0,5890.0,-5100.0,A_1_1 ──(90.0)──▶ L_5_1
M118,A_8_1,L_2_1,80.0,5250.0,-4050.0,A_8_1 ──(80.0)──▶ L_2_1
M119,A_8_1,L_6_1,30.0,5250.0,-5350.0,A_8_1 ──(30.0)──▶ L_6_1
M120,A_8_1,L_10_1,50.0,5250.0,-6620.0,A_8_1 ──(50.0)──▶ L_10_1
M121,A_3_1,L_8_1,30.0,6320.0,-5180.0,A_3_1 ──(30.0)──▶ L_8_1
M122,A_4_1,L_10_1,90.0,5730.0,-6620.0,A_4_1 ──(90.0)──▶ L_10_1
M123,A_7_1,L_5_1,80.0,5470.0,-5100.0,A_7_1 ──(80.0)──▶ L_5_1
M124,A_4_1,L_7_1,70.0,5730.0,-5220.0,A_4_1 ──(70.0)──▶ L_7_1
M125,A_9_1,L_6_1,100.0,5000.0,-5350.0,A_9_1 ──(100.0)──▶ L_6_1
M126,A_1_1,L_5_1,10.0,5890.0,-5100.0,A_1_1 ──(10.0)──▶ L_5_1
M127,A_6_1,L_3_1,90.0,5520.0,-4760.0,A_6_1 ──(90.0)──▶ L_3_1
M128,A_7_1,L_8_1,10.0,5470.0,-5180.0,A_7_1 ──(10.0)──▶ L_8_1
M129,A_1_1,L_4_1,80.0,5890.0,-6310.0,A_1_1 ──(80.0)──▶ L_4_1
M130,A_6_1,L_5_1,20.0,5520.0,-5100.0,A_6_1 ──(20.0)──▶ L_5_1
M131,A_9_1,L_5_1,30.0,5000.0,-5100.0,A_9_1 ──(30.0)──▶ L_5_1
M132,A_1_1,L_9_1,50.0,5890.0,-6370.0,A_1_1 ──(50.0)──▶ L_9_1
M133,A_3_1,L_1_1,80.0,6320.0,-6080.0,A_3_1 ──(80.0)──▶ L_1_1
M134,A_7_1,L_8_1,60.0,5470.0,-5180.0,A_7_1 ──(60.0)──▶ L_8_1
M135,A_2_1,L_5_1,10.0,5000.0,-5100.0,A_2_1 ──(10.0)──▶ L_5_1
M136,A_8_1,L_4_1,40.0,5250.0,-6310.0,A_8_1 ──(40.0)──▶ L_4_1
M137,A_10_1,L_9_1,90.0,5580.0,-6370.0,A_10_1 ──(90.0)──▶ L_9_1
M138,A_7_1,L_9_1,90.0,5470.0,-6370.0,A_7_1 ──(90.0)──▶ L_9_1
M139,A_7_1,L_1_1,50.0,5470.0,-6080.0,A_7_1 ──(50.0)──▶ L_1_1
M140,A_5_1,L_8_1,70.0,5280.0,-5180.0,A_5_1 ──(70.0)──▶ L_8_1
M141,A_4_1,L_7_1,50.0,5730.0,-5220.0,A_4_1 ──(50.0)──▶ L_7_1
M142,A_7_1,L_10_1,100.0,5470.0,-6620.0,A_7_1 ──(100.0)──▶ L_10_1
M143,A_4_1,L_5_1,80.0,5730.0,-5100.0,A_4_1 ──(80.0)──▶ L_5_1
M144,A_9_1,L_4_1,100.0,5000.0,-6310.0,A_9_1 ──(100.0)──▶ L_4_1
M145,A_7_1,L_8_1,90.0,5470.0,-5180.0,A_7_1 ──(90.0)──▶ L_8_1
M146,A_1_1,L_7_1,30.0,5890.0,-5220.0,A_1_1 ──(30.0)──▶ L_7_1
M147,A_3_1,L_2_1,10.0,6320.0,-4050.0,A_3_1 ──(10.0)──▶ L_2_1
M148,A_9_1,L_3_1,10.0,5000.0,-4760.0,A_9_1 ──(10.0)──▶ L_3_1
M149,A_1_1,L_10_1,80.0,5890.0,-6620.0,A_1_1 ──(80.0)──▶ L_10_1
M150,A_6_1,L_4_1,90.0,5520.0,-6310.0,A_6_1 ──(90.0)──▶ L_4_1
M151,A_5_1,L_10_1,40.0,5280.0,-6620.0,A_5_1 ──(40.0)──▶ L_10_1
M152,A_4_1,L_5_1,80.0,5730.0,-5100.0,A_4_1 ──(80.0)──▶ L_5_1
M153,A_3_1,L_2_1,80.0,6320.0,-4050.0,A_3_1 ──(80.0)──▶ L_2_1
M154,A_1_1,L_5_1,50.0,5890.0,-5100.0,A_1_1 ──(50.0)──▶ L_5_1
M155,A_7_1,L_1_1,10.0,5470.0,-6080.0,A_7_1 ──(10.0)──▶ L_1_1
M156,A_7_1,L_5_1,80.0,5470.0,-5100.0,A_7_1 ──(80.0)──▶ L_5_1
M157,A_8_1,L_2_1,80.0,5250.0,-4050.0,A_8_1 ──(80.0)──▶ L_2_1
M158,A_1_1,L_4_1,10.0,5890.0,-6310.0,A_1_1 ──(10.0)──▶ L_4_1
M159,A_7_1,L_8_1,80.0,5470.0,-5180.0,A_7_1 ──(80.0)──▶ L_8_1
M160,A_6_1,L_10_1,100.0,5520.0,-6620.0,A_6_1 ──(100.0)──▶ L_10_1
M161,A_10_1,L_7_1,30.0,5580.0,-5220.0,A_10_1 ──(30.0)──▶ L_7_1
M162,A_10_1,L_6_1,100.0,5580.0,-5350.0,A_10_1 ──(100.0)──▶ L_6_1
M163,A_4_1,L_6_1,10.0,5730.0,-5350.0,A_4_1 ──(10.0)──▶ L_6_1
M164,A_6_1,L_4_1,60.0,5520.0,-6310.0,A_6_1 ──(60.0)──▶ L_4_1
M165,A_8_1,L_5_1,60.0,5250.0,-5100.0,A_8_1 ──(60.0)──▶ L_5_1
M166,A_3_1,L_9_1,100.0,6320.0,-6370.0,A_3_1 ──(100.0)──▶ L_9_1
M167,A_10_1,L_4_1,70.0,5580.0,-6310.0,A_10_1 ──(70.0)──▶ L_4_1
M168,A_5_1,L_7_1,30.0,5280.0,-5220.0,A_5_1 ──(30.0)──▶ L_7_1
M169,A_1_1,L_7_1,80.0,5890.0,-5220.0,A_1_1 ──(80.0)──▶ L_7_1
M170,A_5_1,L_3_1,20.0,5280.0,-4760.0,A_5_1 ──(20.0)──▶ L_3_1
M171,A_5_1,L_10_1,100.0,5280.0,-6620.0,A_5_1 ──(100.0)──▶ L_10_1
M172,A_5_1,L_10_1,70.0,5280.0,-6620.0,A_5_1 ──(70.0)──▶ L_10_1
M173,A_7_1,L_9_1,10.0,5470.0,-6370.0,A_7_1 ──(10.0)──▶ L_9_1
M174,A_3_1,L_9_1,70.0,6320.0,-6370.0,A_3_1 ──(70.0)──▶ L_9_1
M175,A_9_1,L_8_1,80.0,5000.0,-5180.0,A_9_1 ──(80.0)──▶ L_8_1
M176,A_2_1,L_10_1,30.0,5000.0,-6620.0,A_2_1 ──(30.0)──▶ L_10_1
M177,A_8_1,L_9_1,10.0,5250.0,-6370.0,A_8_1 ──(10.0)──▶ L_9_1
M178,A_6_1,L_9_1,30.0,5520.0,-6370.0,A_6_1 ──(30.0)──▶ L_9_1
M179,A_5_1,L_10_1,20.0,5280.0,-6620.0,A_5_1 ──(20.0)──▶ L_10_1
M180,A_2_1,L_8_1,40.0,5000.0,-5180.0,A_2_1 ──(40.0)──▶ L_8_1
M181,A_6_1,L_10_1,100.0,5520.0,-6620.0,A_6_1 ──(100.0)──▶ L_10_1
M182,A_5_1,L_1_1,90.0,5280.0,-6080.0,A_5_1 ──(90.0)──▶ L_1_1
M183,A_5_1,L_10_1,50.0,5280.0,-6620.0,A_5_1 ──(50.0)──▶ L_10_1
M184,A_8_1,L_6_1,20.0,5250.0,-5350.0,A_8_1 ──(20.0)──▶ L_6_1
M185,A_6_1,L_7_1,60.0,5520.0,-5220.0,A_6_1 ──(60.0)──▶ L_7_1
M186,A_3_1,L_2_1,100.0,6320.0,-4050.0,A_3_1 ──(100.0)──▶ L_2_1
M187,A_10_1,L_6_1,80.0,5580.0,-5350.0,A_10_1 ──(80.0)──▶ L_6_1
M188,A_5_1,L_9_1,60.0,5280.0,-6370.0,A_5_1 ──(60.0)──▶ L_9_1
M189,A_6_1,L_8_1,30.0,5520.0,-5180.0,A_6_1 ──(30.0)──▶ L_8_1
M190,A_4_1,L_7_1,20.0,5730.0,-5220.0,A_4_1 ──(20.0)──▶ L_7_1
M191,A_4_1,L_9_1,80.0,5730.0,-6370.0,A_4_1 ──(80.0)──▶ L_9_1
M192,A_1_1,L_5_1,100.0,5890.0,-5100.0,A_1_1 ──(100.0)──▶ L_5_1
M193,A_9_1,L_8_1,90.0,5000.0,-5180.0,A_9_1 ──(90.0)──▶ L_8_1
M194,A_8_1,L_9_1,90.0,5250.0,-6370.0,A_8_1 ──(90.0)──▶ L_9_1
M195,A_7_1,L_1_1,10.0,5470.0,-6080.0,A_7_1 ──(10.0)──▶ L_1_1
M196,A_1_1,L_4_1,90.0,5890.0,-6310.0,A_1_1 ──(90.0)──▶ L_4_1
M197,A_9_1,L_8_1,60.0,5000.0,-5180.0,A_9_1 ──(60.0)──▶ L_8_1
M198,A_3_1,L_5_1,40.0,6320.0,-5100.0,A_3_1 ──(40.0)──▶ L_5_1
M199,A_10_1,L_4_1,40.0,5580.0,-6310.0,A_10_1 ──(40.0)──▶ L_4_1
M200,A_3_1,L_2_1,40.0,6320.0,-4050.0,A_3_1 ──(40.0)──▶ L_2_1
M201,A_9_1,L_8_1,100.0,5000.0,-5180.0,A_9_1 ──(100.0)──▶ L_8_1
M202,A_10_1,L_1_1,100.0,5580.0,-6080.0,A_10_1 ──(100.0)──▶ L_1_1
M203,A_3_1,L_8_1,90.0,6320.0,-5180.0,A_3_1 ──(90.0)──▶ L_8_1
M204,A_5_1,L_8_1,60.0,5280.0,-5180.0,A_5_1 ──(60.0)──▶ L_8_1
M205,A_5_1,L_1_1,90.0,5280.0,-6080.0,A_5_1 ──(90.0)──▶ L_1_1
M206,A_6_1,L_8_1,90.0,5520.0,-5180.0,A_6_1 ──(90.0)──▶ L_8_1
M207,A_5_1,L_8_1,90.0,5280.0,-5180.0,A_5_1 ──(90.0)──▶ L_8_1
M208,A_7_1,L_2_1,30.0,5470.0,-4050.0,A_7_1 ──(30.0)──▶ L_2_1
M209,A_5_1,L_4_1,30.0,5280.0,-6310.0,A_5_1 ──(30.0)──▶ L_4_1
M210,A_4_1,L_9_1,80.0,5730.0,-6370.0,A_4_1 ──(80.0)──▶ L_9_1
M211,A_3_1,L_9_1,80.0,6320.0,-6370.0,A_3_1 ──(80.0)──▶ L_9_1
M212,A_5_1,L_4_1,100.0,5280.0,-6310.0,A_5_1 ──(100.0)──▶ L_4_1
M213,A_1_1,L_5_1,50.0,5890.0,-5100.0,A_1_1 ──(50.0)──▶ L_5_1
M214,A_4_1,L_6_1,90.0,5730.0,-5350.0,A_4_1 ──(90.0)──▶ L_6_1
M215,A_6_1,L_9_1,70.0,5520.0,-6370.0,A_6_1 ──(70.0)──▶ L_9_1
M216,A_9_1,L_10_1,30.0,5000.0,-6620.0,A_9_1 ──(30.0)──▶ L_10_1
M217,A_7_1,L_5_1,40.0,5470.0,-5100.0,A_7_1 ──(40.0)──▶ L_5_1
M218,A_3_1,L_8_1,80.0,6320.0,-5180.0,A_3_1 ──(80.0)──▶ L_8_1
M219,A_3_1,L_1_1,30.0,6320.0,-6080.0,A_3_1 ──(30.0)──▶ L_1_1
M220,A_9_1,L_2_1,80.0,5000.0,-4050.0,A_9_1 ──(80.0)──▶ L_2_1
M221,A_3_1,L_2_1,60.0,6320.0,-4050.0,A_3_1 ──(60.0)──▶ L_2_1
M222,A_2_1,L_5_1,30.0,5000.0,-5100.0,A_2_1 ──(30.0)──▶ L_5_1
M223,A_2_1,L_7_1,20.0,5000.0,-5220.0,A_2_1 ──(20.0)──▶ L_7_1
M224,A_3_1,L_9_1,20.0,6320.0,-6370.0,A_3_1 ──(20.0)──▶ L_9_1
M225,A_5_1,L_7_1,20.0,5280.0,-5220.0,A_5_1 ──(20.0)──▶ L_7_1
M226,A_2_1,L_4_1,30.0,5000.0,-6310.0,A_2_1 ──(30.0)──▶ L_4_1
M227,A_5_1,L_4_1,90.0,5280.0,-6310.0,A_5_1 ──(90.0)──▶ L_4_1
M228,A_3_1,L_5_1,50.0,6320.0,-5100.0,A_3_1 ──(50.0)──▶ L_5_1
M229,A_4_1,L_5_1,20.0,5730.0,-5100.0,A_4_1 ──(20.0)──▶ L_5_1
M230,A_5_1,L_2_1,90.0,5280.0,-4050.0,A_5_1 ──(90.0)──▶ L_2_1
M231,A_6_1,L_8_1,50.0,5520.0,-5180.0,A_6_1 ──(50.0)──▶ L_8_1
M232,A_5_1,L_10_1,100.0,5280.0,-6620.0,A_5_1 ──(100.0)──▶ L_10_1
M233,A_1_1,L_10_1,90.0,5890.0,-6620.0,A_1_1 ──(90.0)──▶ L_10_1
M234,A_2_1,L_3_1,70.0,5000.0,-4760.0,A_2_1 ──(70.0)──▶ L_3_1
M235,A_4_1,L_7_1,40.0,5730.0,-5220.0,A_4_1 ──(40.0)──▶ L_7_1
M236,A_4_1,L_8_1,50.0,5730.0,-5180.0,A_4_1 ──(50.0)──▶ L_8_1
M237,A_2_1,L_6_1,20.0,5000.0,-5350.0,A_2_1 ──(20.0)──▶ L_6_1
M238,A_3_1,L_7_1,80.0,6320.0,-5220.0,A_3_1 ──(80.0)──▶ L_7_1
M239,A_6_1,L_3_1,20.0,5520.0,-4760.0,A_6_1 ──(20.0)──▶ L_3_1
M240,A_8_1,L_1_1,30.0,5250.0,-6080.0,A_8_1 ──(30.0)──▶ L_1_1
M241,A_7_1,L_1_1,90.0,5470.0,-6080.0,A_7_1 ──(90.0)──▶ L_1_1
M242,A_6_1,L_10_1,70.0,5520.0,-6620.0,A_6_1 ──(70.0)──▶ L_10_1
M243,A_9_1,L_6_1,80.0,5000.0,-5350.0,A_9_1 ──(80.0)──▶ L_6_1
M244,A_5_1,L_2_1,90.0,5280.0,-4050.0,A_5_1 ──(90.0)──▶ L_2_1
M245,A_2_1,L_6_1,10.0,5000.0,-5350.0,A_2_1 ──(10.0)──▶ L_6_1
M246,A_9_1,L_5_1,20.0,5000.0,-5100.0,A_9_1 ──(20.0)──▶ L_5_1
M247,A_10_1,L_3_1,50.0,5580.0,-4760.0,A_10_1 ──(50.0)──▶ L_3_1
M248,A_8_1,L_6_1,30.0,5250.0,-5350.0,A_8_1 ──(30.0)──▶ L_6_1
M249,A_6_1,L_9_1,100.0,5520.0,-6370.0,A_6_1 ──(100.0)──▶ L_9_1
M250,A_6_1,L_10_1,50.0,5520.0,-6620.0,A_6_1 ──(50.0)──▶ L_10_1
M251,A_1_1,L_2_1,50.0,5890.0,-4050.0,A_1_1 ──(50.0)──▶ L_2_1
M252,A_8_1,L_2_1,40.0,5250.0,-4050.0,A_8_1 ──(40.0)──▶ L_2_1
M253,A_10_1,L_6_1,90.0,5580.0,-5350.0,A_10_1 ──(90.0)──▶ L_6_1
M254,A_6_1,L_4_1,50.0,5520.0,-6310.0,A_6_1 ──(50.0)──▶ L_4_1
M255,A_2_1,L_4_1,70.0,5000.0,-6310.0,A_2_1 ──(70.0)──▶ L_4_1
M256,A_6_1,L_9_1,100.0,5520.0,-6370.0,A_6_1 ──(100.0)──▶ L_9_1
M257,A_10_1,L_4_1,90.0,5580.0,-6310.0,A_10_1 ──(90.0)──▶ L_4_1
M258,A_3_1,L_5_1,50.0,6320.0,-5100.0,A_3_1 ──(50.0)──▶ L_5_1
M259,A_7_1,L_9_1,20.0,5470.0,-6370.0,A_7_1 ──(20.0)──▶ L_9_1
M260,A_7_1,L_6_1,100.0,5470.0,-5350.0,A_7_1 ──(100.0)──▶ L_6_1
M261,A_4_1,L_3_1,10.0,5730.0,-4760.0,A_4_1 ──(10.0)──▶ L_3_1
M262,A_8_1,L_1_1,80.0,5250.0,-6080.0,A_8_1 ──(80.0)──▶ L_1_1
M263,A_9_1,L_10_1,20.0,5000.0,-6620.0,A_9_1 ──(20.0)──▶ L_10_1
M264,A_2_1,L_8_1,70.0,5000.0,-5180.0,A_2_1 ──(70.0)──▶ L_8_1
M265,A_3_1,L_7_1,70.0,6320.0,-5220.0,A_3_1 ──(70.0)──▶ L_7_1
M266,A_10_1,L_1_1,100.0,5580.0,-6080.0,A_10_1 ──(100.0)──▶ L_1_1
M267,A_4_1,L_10_1,100.0,5730.0,-6620.0,A_4_1 ──(100.0)──▶ L_10_1
M268,A_8_1,L_9_1,20.0,5250.0,-6370.0,A_8_1 ──(20.0)──▶ L_9_1
M269,A_9_1,L_5_1,90.0,5000.0,-5100.0,A_9_1 ──(90.0)──▶ L_5_1
M270,A_9_1,L_1_1,30.0,5000.0,-6080.0,A_9_1 ──(30.0)──▶ L_1_1
M271,A_6_1,L_4_1,70.0,5520.0,-6310.0,A_6_1 ──(70.0)──▶ L_4_1
M272,A_10_1,L_4_1,50.0,5580.0,-6310.0,A_10_1 ──(50.0)──▶ L_4_1
M273,A_7_1,L_2_1,80.0,5470.0,-4050.0,A_7_1 ──(80.0)──▶ L_2_1
M274,A_2_1,L_9_1,70.0,5000.0,-6370.0,A_2_1 ──(70.0)──▶ L_9_1
M275,A_4_1,L_9_1,40.0,5730.0,-6370.0,A_4_1 ──(40.0)──▶ L_9_1
M276,A_9_1,L_10_1,10.0,5000.0,-6620.0,A_9_1 ──(10.0)──▶ L_10_1
M277,A_3_1,L_4_1,90.0,6320.0,-6310.0,A_3_1 ──(90.0)──▶ L_4_1
M278,A_3_1,L_10_1,50.0,6320.0,-6620.0,A_3_1 ──(50.0)──▶ L_10_1
M279,A_7_1,L_3_1,30.0,5470.0,-4760.0,A_7_1 ──(30.0)──▶ L_3_1
M280,A_8_1,L_10_1,80.0,5250.0,-6620.0,A_8_1 ──(80.0)──▶ L_10_1
M281,A_7_1,L_6_1,30.0,5470.0,-5350.0,A_7_1 ──(30.0)──▶ L_6_1
M282,A_10_1,L_4_1,30.0,5580.0,-6310.0,A_10_1 ──(30.0)──▶ L_4_1
M283,A_4_1,L_2_1,100.0,5730.0,-4050.0,A_4_1 ──(100.0)──▶ L_2_1
M284,A_5_1,L_2_1,60.0,5280.0,-4050.0,A_5_1 ──(60.0)──▶ L_2_1
M285,A_6_1,L_1_1,20.0,5520.0,-6080.0,A_6_1 ──(20.0)──▶ L_1_1
M286,A_4_1,L_1_1,10.0,5730.0,-6080.0,A_4_1 ──(10.0)──▶ L_1_1
M287,A_5_1,L_6_1,10.0,5280.0,-5350.0,A_5_1 ──(10.0)──▶ L_6_1
M288,A_8_1,L_3_1,10.0,5250.0,-4760.0,A_8_1 ──(10.0)──▶ L_3_1
M289,A_3_1,L_4_1,100.0,6320.0,-6310.0,A_3_1 ──(100.0)──▶ L_4_1
M290,A_10_1,L_7_1,30.0,5580.0,-5220.0,A_10_1 ──(30.0)──▶ L_7_1
M291,A_7_1,L_8_1,40.0,5470.0,-5180.0,A_7_1 ──(40.0)──▶ L_8_1
M292,A_5_1,L_1_1,100.0,5280.0,-6080.0,A_5_1 ──(100.0)──▶ L_1_1
M293,A_2_1,L_7_1,100.0,5000.0,-5220.0,A_2_1 ──(100.0)──▶ L_7_1
M294,A_2_1,L_6_1,90.0,5000.0,-5350.0,A_2_1 ──(90.0)──▶ L_6_1
M295,A_3_1,L_2_1,40.0,6320.0,-4050.0,A_3_1 ──(40.0)──▶ L_2_1
M296,A_8_1,L_1_1,90.0,5250.0,-6080.0,A_8_1 ──(90.0)──▶ L_1_1
M297,A_4_1,L_8_1,90.0,5730.0,-5180.0,A_4_1 ──(90.0)──▶ L_8_1
M298,A_9_1,L_3_1,20.0,5000.0,-4760.0,A_9_1 ──(20.0)──▶ L_3_1
M299,A_3_1,L_4_1,90.0,6320.0,-6310.0,A_3_1 ──(90.0)──▶ L_4_1
M300,A_2_1,L_1_1,30.0,5000.0,-6080.0,A_2_1 ──(30.0)──▶ L_1_1
M301,A_5_1,L_7_1,30.0,5280.0,-5220.0,A_5_1 ──(30.0)──▶ L_7_1
M302,A_3_1,L_7_1,70.0,6320.0,-5220.0,A_3_1 ──(70.0)──▶ L_7_1
M303,A_8_1,L_5_1,50.0,5250.0,-5100.0,A_8_1 ──(50.0)──▶ L_5_1
M304,A_9_1,L_5_1,20.0,5000.0,-5100.0,A_9_1 ──(20.0)──▶ L_5_1
M305,A_2_1,L_5_1,90.0,5000.0,-5100.0,A_2_1 ──(90.0)──▶ L_5_1
M306,A_1_1,L_7_1,60.0,5890.0,-5220.0,A_1_1 ──(60.0)──▶ L_7_1
M307,A_9_1,L_7_1,90.0,5000.0,-5220.0,A_9_1 ──(90.0)──▶ L_7_1
M308,A_4_1,L_7_1,60.0,5730.0,-5220.0,A_4_1 ──(60.0)──▶ L_7_1
M309,A_5_1,L_10_1,80.0,5280.0,-6620.0,A_5_1 ──(80.0)──▶ L_10_1
M310,A_3_1,L_9_1,60.0,6320.0,-6370.0,A_3_1 ──(60.0)──▶ L_9_1
M311,A_2_1,L_8_1,90.0,5000.0,-5180.0,A_2_1 ──(90.0)──▶ L_8_1
M312,A_7_1,L_10_1,80.0,5470.0,-6620.0,A_7_1 ──(80.0)──▶ L_10_1
M313,A_5_1,L_9_1,50.0,5280.0,-6370.0,A_5_1 ──(50.0)──▶ L_9_1
M314,A_6_1,L_9_1,50.0,5520.0,-6370.0,A_6_1 ──(50.0)──▶ L_9_1
M315,A_7_1,L_2_1,100.0,5470.0,-4050.0,A_7_1 ──(100.0)──▶ L_2_1
M316,A_7_1,L_1_1,90.0,5470.0,-6080.0,A_7_1 ──(90.0)──▶ L_1_1
M317,A_2_1,L_3_1,70.0,5000.0,-4760.0,A_2_1 ──(70.0)──▶ L_3_1
M318,A_3_1,L_8_1,90.0,6320.0,-5180.0,A_3_1 ──(90.0)──▶ L_8_1
M319,A_6_1,L_1_1,60.0,5520.0,-6080.0,A_6_1 ──(60.0)──▶ L_1_1
M320,A_4_1,L_3_1,30.0,5730.0,-4760.0,A_4_1 ──(30.0)──▶ L_3_1
M321,A_5_1,L_4_1,50.0,5280.0,-6310.0,A_5_1 ──(50.0)──▶ L_4_1
M322,A_8_1,L_10_1,90.0,5250.0,-6620.0,A_8_1 ──(90.0)──▶ L_10_1
M323,A_2_1,L_6_1,40.0,5000.0,-5350.0,A_2_1 ──(40.0)──▶ L_6_1
M324,A_8_1,L_1_1,10.0,5250.0,-6080.0,A_8_1 ──(10.0)──▶ L_1_1
M325,A_9_1,L_5_1,30.0,5000.0,-5100.0,A_9_1 ──(30.0)──▶ L_5_1
M326,A_8_1,L_4_1,10.0,5250.0,-6310.0,A_8_1 ──(10.0)──▶ L_4_1
M327,A_3_1,L_9_1,30.0,6320.0,-6370.0,A_3_1 ──(30.0)──▶ L_9_1
M328,A_8_1,L_4_1,100.0,5250.0,-6310.0,A_8_1 ──(100.0)──▶ L_4_1
M329,A_7_1,L_9_1,10.0,5470.0,-6370.0,A_7_1 ──(10.0)──▶ L_9_1
M330,A_3_1,L_1_1,20.0,6320.0,-6080.0,A_3_1 ──(20.0)──▶ L_1_1
M331,A_6_1,L_2_1,20.0,5520.0,-4050.0,A_6_1 ──(20.0)──▶ L_2_1
M332,A_8_1,L_5_1,100.0,5250.0,-5100.0,A_8_1 ──(100.0)──▶ L_5_1
M333,A_9_1,L_4_1,10.0,5000.0,-6310.0,A_9_1 ──(10.0)──▶ L_4_1
M334,A_7_1,L_5_1,40.0,5470.0,-5100.0,A_7_1 ──(40.0)──▶ L_5_1
M335,A_2_1,L_4_1,30.0,5000.0,-6310.0,A_2_1 ──(30.0)──▶ L_4_1
M336,A_7_1,L_4_1,10.0,5470.0,-6310.0,A_7_1 ──(10.0)──▶ L_4_1
M337,A_10_1,L_8_1,20.0,5580.0,-5180.0,A_10_1 ──(20.0)──▶ L_8_1
M338,A_1_1,L_7_1,30.0,5890.0,-5220.0,A_1_1 ──(30.0)──▶ L_7_1
M339,A_3_1,L_6_1,40.0,6320.0,-5350.0,A_3_1 ──(40.0)──▶ L_6_1
M340,A_2_1,L_7_1,20.0,5000.0,-5220.0,A_2_1 ──(20.0)──▶ L_7_1
M341,A_10_1,L_3_1,80.0,5580.0,-4760.0,A_10_1 ──(80.0)──▶ L_3_1
M342,A_1_1,L_5_1,30.0,5890.0,-5100.0,A_1_1 ──(30.0)──▶ L_5_1
M343,A_10_1,L_7_1,90.0,5580.0,-5220.0,A_10_1 ──(90.0)──▶ L_7_1
M344,A_8_1,L_7_1,60.0,5250.0,-5220.0,A_8_1 ──(60.0)──▶ L_7_1
M345,A_4_1,L_3_1,90.0,5730.0,-4760.0,A_4_1 ──(90.0)──▶ L_3_1
M346,A_6_1,L_10_1,70.0,5520.0,-6620.0,A_6_1 ──(70.0)──▶ L_10_1
M347,A_1_1,L_8_1,60.0,5890.0,-5180.0,A_1_1 ──(60.0)──▶ L_8_1
M348,A_5_1,L_2_1,50.0,5280.0,-4050.0,A_5_1 ──(50.0)──▶ L_2_1
M349,A_8_1,L_10_1,60.0,5250.0,-6620.0,A_8_1 ──(60.0)──▶ L_10_1
M350,A_1_1,L_10_1,10.0,5890.0,-6620.0,A_1_1 ──(10.0)──▶ L_10_1
M351,A_2_1,L_8_1,20.0,5000.0,-5180.0,A_2_1 ──(20.0)──▶ L_8_1
M352,A_3_1,L_7_1,40.0,6320.0,-5220.0,A_3_1 ──(40.0)──▶ L_7_1
M353,A_4_1,L_9_1,60.0,5730.0,-6370.0,A_4_1 ──(60.0)──▶ L_9_1
M354,A_5_1,L_7_1,100.0,5280.0,-5220.0,A_5_1 ──(100.0)──▶ L_7_1
M355,A_10_1,L_5_1,80.0,5580.0,-5100.0,A_10_1 ──(80.0)──▶ L_5_1
M356,A_5_1,L_9_1,30.0,5280.0,-6370.0,A_5_1 ──(30.0)──▶ L_9_1
M357,A_1_1,L_2_1,10.0,5890.0,-4050.0,A_1_1 ──(10.0)──▶ L_2_1
M358,A_2_1,L_6_1,40.0,5000.0,-5350.0,A_2_1 ──(40.0)──▶ L_6_1
M359,A_7_1,L_5_1,30.0,5470.0,-5100.0,A_7_1 ──(30.0)──▶ L_5_1
M360,A_9_1,L_10_1,90.0,5000.0,-6620.0,A_9_1 ──(90.0)──▶ L_10_1
M361,A_4_1,L_3_1,30.0,5730.0,-4760.0,A_4_1 ──(30.0)──▶ L_3_1
M362,A_7_1,L_10_1,10.0,5470.0,-6620.0,A_7_1 ──(10.0)──▶ L_10_1
M363,A_2_1,L_7_1,20.0,5000.0,-5220.0,A_2_1 ──(20.0)──▶ L_7_1
M364,A_8_1,L_4_1,30.0,5250.0,-6310.0,A_8_1 ──(30.0)──▶ L_4_1
M365,A_6_1,L_3_1,90.0,5520.0,-4760.0,A_6_1 ──(90.0)──▶ L_3_1
M366,A_10_1,L_3_1,20.0,5580.0,-4760.0,A_10_1 ──(20.0)──▶ L_3_1
M367,A_5_1,L_10_1,10.0,5280.0,-6620.0,A_5_1 ──(10.0)──▶ L_10_1
M368,A_7_1,L_8_1,30.0,5470.0,-5180.0,A_7_1 ──(30.0)──▶ L_8_1
M369,A_9_1,L_1_1,60.0,5000.0,-6080.0,A_9_1 ──(60.0)──▶ L_1_1
M370,A_10_1,L_9_1,50.0,5580.0,-6370.0,A_10_1 ──(50.0)──▶ L_9_1
M371,A_9_1,L_2_1,10.0,5000.0,-4050.0,A_9_1 ──(10.0)──▶ L_2_1
M372,A_2_1,L_6_1,60.0,5000.0,-5350.0,A_2_1 ──(60.0)──▶ L_6_1
M373,A_4_1,L_1_1,40.0,5730.0,-6080.0,A_4_1 ──(40.0)──▶ L_1_1
M374,A_4_1,L_3_1,50.0,5730.0,-4760.0,A_4_1 ──(50.0)──▶ L_3_1
M375,A_7_1,L_10_1,40.0,5470.0,-6620.0,A_7_1 ──(40.0)──▶ L_10_1
M376,A_3_1,L_10_1,30.0,6320.0,-6620.0,A_3_1 ──(30.0)──▶ L_10_1
M377,A_9_1,L_10_1,50.0,5000.0,-6620.0,A_9_1 ──(50.0)──▶ L_10_1
M378,A_1_1,L_6_1,20.0,5890.0,-5350.0,A_1_1 ──(20.0)──▶ L_6_1
M379,A_6_1,L_9_1,50.0,5520.0,-6370.0,A_6_1 ──(50.0)──▶ L_9_1
M380,A_4_1,L_1_1,100.0,5730.0,-6080.0,A_4_1 ──(100.0)──▶ L_1_1
M381,A_10_1,L_1_1,100.0,5580.0,-6080.0,A_10_1 ──(100.0)──▶ L_1_1
M382,A_7_1,L_3_1,70.0,5470.0,-4760.0,A_7_1 ──(70.0)──▶ L_3_1
M383,A_2_1,L_8_1,10.0,5000.0,-5180.0,A_2_1 ──(10.0)──▶ L_8_1
M384,A_9_1,L_4_1,90.0,5000.0,-6310.0,A_9_1 ──(90.0)──▶ L_4_1
M385,A_5_1,L_8_1,100.0,5280.0,-5180.0,A_5_1 ──(100.0)──▶ L_8_1
M386,A_3_1,L_10_1,60.0,6320.0,-6620.0,A_3_1 ──(60.0)──▶ L_10_1
M387,A_3_1,L_10_1,100.0,6320.0,-6620.0,A_3_1 ──(100.0)──▶ L_10_1
M388,A_1_1,L_6_1,60.0,5890.0,-5350.0,A_1_1 ──(60.0)──▶ L_6_1
M389,A_2_1,L_4_1,10.0,5000.0,-6310.0,A_2_1 ──(10.0)──▶ L_4_1
M390,A_5_1,L_8_1,40.0,5280.0,-5180.0,A_5_1 ──(40.0)──▶ L_8_1
M391,A_4_1,L_10_1,10.0,5730.0,-6620.0,A_4_1 ──(10.0)──▶ L_10_1
M392,A_10_1,L_4_1,60.0,5580.0,-6310.0,A_10_1 ──(60.0)──▶ L_4_1
M393,A_10_1,L_4_1,100.0,5580.0,-6310.0,A_10_1 ──(100.0)──▶ L_4_1
M394,A_2_1,L_5_1,10.0,5000.0,-5100.0,A_2_1 ──(10.0)──▶ L_5_1
M395,A_2_1,L_3_1,90.0,5000.0,-4760.0,A_2_1 ──(90.0)──▶ L_3_1
M396,A_9_1,L_7_1,10.0,5000.0,-5220.0,A_9_1 ──(10.0)──▶ L_7_1
M397,A_5_1,L_9_1,20.0,5280.0,-6370.0,A_5_1 ──(20.0)──▶ L_9_1
M398,A_2_1,L_6_1,80.0,5000.0,-5350.0,A_2_1 ──(80.0)──▶ L_6_1
M399,A_3_1,L_4_1,80.0,6320.0,-6310.0,A_3_1 ──(80.0)──▶ L_4_1
M400,A_10_1,L_3_1,90.0,5580.0,-4760.0,A_10_1 ──(90.0)──▶ L_3_1
M401,A_3_1,L_10_1,70.0,6320.0,-6620.0,A_3_1 ──(70.0)──▶ L_10_1
M402,A_2_1,L_10_1,50.0,5000.0,-6620.0,A_2_1 ──(50.0)──▶ L_10_1
M403,A_5_1,L_3_1,10.0,5280.0,-4760.0,A_5_1 ──(10.0)──▶ L_3_1
M404,A_10_1,L_3_1,60.0,5580.0,-4760.0,A_10_1 ──(60.0)──▶ L_3_1
M405,A_3_1,L_9_1,30.0,6320.0,-6370.0,A_3_1 ──(30.0)──▶ L_9_1
M406,A_4_1,L_9_1,40.0,5730.0,-6370.0,A_4_1 ──(40.0)──▶ L_9_1
M407,A_3_1,L_1_1,90.0,6320.0,-6080.0,A_3_1 ──(90.0)──▶ L_1_1
M408,A_8_1,L_4_1,10.0,5250.0,-6310.0,A_8_1 ──(10.0)──▶ L_4_1
M409,A_8_1,L_6_1,50.0,5250.0,-5350.0,A_8_1 ──(50.0)──▶ L_6_1
M410,A_9_1,L_7_1,30.0,5000.0,-5220.0,A_9_1 ──(30.0)──▶ L_7_1
M411,A_3_1,L_9_1,60.0,6320.0,-6370.0,A_3_1 ──(60.0)──▶ L_9_1
M412,A_8_1,L_9_1,30.0,5250.0,-6370.0,A_8_1 ──(30.0)──▶ L_9_1
M413,A_3_1,L_4_1,100.0,6320.0,-6310.0,A_3_1 ──(100.0)──▶ L_4_1
M414,A_7_1,L_1_1,60.0,5470.0,-6080.0,A_7_1 ──(60.0)──▶ L_1_1
M415,A_1_1,L_10_1,90.0,5890.0,-6620.0,A_1_1 ──(90.0)──▶ L_10_1
M416,A_10_1,L_4_1,40.0,5580.0,-6310.0,A_10_1 ──(40.0)──▶ L_4_1
M417,A_6_1,L_8_1,60.0,5520.0,-5180.0,A_6_1 ──(60.0)──▶ L_8_1
M418,A_2_1,L_3_1,10.0,5000.0,-4760.0,A_2_1 ──(10.0)──▶ L_3_1
M419,A_4_1,L_5_1,90.0,5730.0,-5100.0,A_4_1 ──(90.0)──▶ L_5_1
M420,A_10_1,L_4_1,70.0,5580.0,-6310.0,A_10_1 ──(70.0)──▶ L_4_1
M421,A_10_1,L_5_1,10.0,5580.0,-5100.0,A_10_1 ──(10.0)──▶ L_5_1
M422,A_9_1,L_10_1,50.0,5000.0,-6620.0,A_9_1 ──(50.0)──▶ L_10_1
M423,A_10_1,L_9_1,100.0,5580.0,-6370.0,A_10_1 ──(100.0)──▶ L_9_1
M424,A_5_1,L_6_1,60.0,5280.0,-5350.0,A_5_1 ──(60.0)──▶ L_6_1
M425,A_4_1,L_6_1,40.0,5730.0,-5350.0,A_4_1 ──(40.0)──▶ L_6_1
M426,A_2_1,L_4_1,20.0,5000.0,-6310.0,A_2_1 ──(20.0)──▶ L_4_1
M427,A_1_1,L_2_1,100.0,5890.0,-4050.0,A_1_1 ──(100.0)──▶ L_2_1
M428,A_8_1,L_5_1,40.0,5250.0,-5100.0,A_8_1 ──(40.0)──▶ L_5_1
M429,A_2_1,L_5_1,50.0,5000.0,-5100.0,A_2_1 ──(50.0)──▶ L_5_1
M430,A_9_1,L_6_1,100.0,5000.0,-5350.0,A_9_1 ──(100.0)──▶ L_6_1
M431,A_1_1,L_8_1,40.0,5890.0,-5180.0,A_1_1 ──(40.0)──▶ L_8_1
M432,A_6_1,L_4_1,100.0,5520.0,-6310.0,A_6_1 ──(100.0)──▶ L_4_1
M433,A_5_1,L_1_1,50.0,5280.0,-6080.0,A_5_1 ──(50.0)──▶ L_1_1
M434,A_9_1,L_6_1,90.0,5000.0,-5350.0,A_9_1 ──(90.0)──▶ L_6_1
M435,A_9_1,L_8_1,40.0,5000.0,-5180.0,A_9_1 ──(40.0)──▶ L_8_1
M436,A_4_1,L_1_1,80.0,5730.0,-6080.0,A_4_1 ──(80.0)──▶ L_1_1
M437,A_8_1,L_3_1,70.0,5250.0,-4760.0,A_8_1 ──(70.0)──▶ L_3_1
M438,A_1_1,L_3_1,10.0,5890.0,-4760.0,A_1_1 ──(10.0)──▶ L_3_1
M439,A_3_1,L_8_1,100.0,6320.0,-5180.0,A_3_1 ──(100.0)──▶ L_8_1
M440,A_7_1,L_6_1,80.0,5470.0,-5350.0,A_7_1 ──(80.0)──▶ L_6_1
M441,A_7_1,L_10_1,40.0,5470.0,-6620.0,A_7_1 ──(40.0)──▶ L_10_1
M442,A_6_1,L_1_1,100.0,5520.0,-6080.0,A_6_1 ──(100.0)──▶ L_1_1
M443,A_7_1,L_6_1,90.0,5470.0,-5350.0,A_7_1 ──(90.0)──▶ L_6_1
M444,A_5_1,L_6_1,20.0,5280.0,-5350.0,A_5_1 ──(20.0)──▶ L_6_1
M445,A_7_1,L_2_1,90.0,5470.0,-4050.0,A_7_1 ──(90.0)──▶ L_2_1
M446,A_8_1,L_10_1,10.0,5250.0,-6620.0,A_8_1 ──(10.0)──▶ L_10_1
M447,A_9_1,L_1_1,80.0,5000.0,-6080.0,A_9_1 ──(80.0)──▶ L_1_1
M448,A_10_1,L_8_1,10.0,5580.0,-5180.0,A_10_1 ──(10.0)──▶ L_8_1
M449,A_2_1,L_5_1,10.0,5000.0,-5100.0,A_2_1 ──(10.0)──▶ L_5_1
M450,A_1_1,L_2_1,70.0,5890.0,-4050.0,A_1_1 ──(70.0)──▶ L_2_1
M451,A_8_1,L_6_1,30.0,5250.0,-5350.0,A_8_1 ──(30.0)──▶ L_6_1
M452,A_10_1,L_6_1,10.0,5580.0,-5350.0,A_10_1 ──(10.0)──▶ L_6_1
M453,A_2_1,L_4_1,30.0,5000.0,-6310.0,A_2_1 ──(30.0)──▶ L_4_1
M454,A_2_1,L_4_1,100.0,5000.0,-6310.0,A_2_1 ──(100.0)──▶ L_4_1
M455,A_10_1,L_6_1,10.0,5580.0,-5350.0,A_10_1 ──(10.0)──▶ L_6_1
M456,A_5_1,L_7_1,80.0,5280.0,-5220.0,A_5_1 ──(80.0)──▶ L_7_1
M457,A_8_1,L_1_1,90.0,5250.0,-6080.0,A_8_1 ──(90.0)──▶ L_1_1
M458,A_9_1,L_8_1,20.0,5000.0,-5180.0,A_9_1 ──(20.0)──▶ L_8_1
M459,A_2_1,L_4_1,90.0,5000.0,-6310.0,A_2_1 ──(90.0)──▶ L_4_1
M460,A_1_1,L_9_1,100.0,5890.0,-6370.0,A_1_1 ──(100.0)──▶ L_9_1
M461,A_8_1,L_3_1,30.0,5250.0,-4760.0,A_8_1 ──(30.0)──▶ L_3_1
M462,A_5_1,L_4_1,30.0,5280.0,-6310.0,A_5_1 ──(30.0)──▶ L_4_1
M463,A_2_1,L_4_1,20.0,5000.0,-6310.0,A_2_1 ──(20.0)──▶ L_4_1
M464,A_1_1,L_7_1,30.0,5890.0,-5220.0,A_1_1 ──(30.0)──▶ L_7_1
M465,A_9_1,L_5_1,40.0,5000.0,-5100.0,A_9_1 ──(40.0)──▶ L_5_1
M466,A_8_1,L_5_1,80.0,5250.0,-5100.0,A_8_1 ──(80.0)──▶ L_5_1
M467,A_6_1,L_9_1,80.0,5520.0,-6370.0,A_6_1 ──(80.0)──▶ L_9_1
M468,A_10_1,L_4_1,50.0,5580.0,-6310.0,A_10_1 ──(50.0)──▶ L_4_1
M469,A_9_1,L_8_1,80.0,5000.0,-5180.0,A_9_1 ──(80.0)──▶ L_8_1
M470,A_10_1,L_9_1,10.0,5580.0,-6370.0,A_10_1 ──(10.0)──▶ L_9_1
M471,A_4_1,L_6_1,90.0,5730.0,-5350.0,A_4_1 ──(90.0)──▶ L_6_1
M472,A_8_1,L_1_1,40.0,5250.0,-6080.0,A_8_1 ──(40.0)──▶ L_1_1
M473,A_8_1,L_7_1,100.0,5250.0,-5220.0,A_8_1 ──(100.0)──▶ L_7_1
M474,A_10_1,L_8_1,60.0,5580.0,-5180.0,A_10_1 ──(60.0)──▶ L_8_1
M475,A_8_1,L_10_1,30.0,5250.0,-6620.0,A_8_1 ──(30.0)──▶ L_10_1
M476,A_4_1,L_9_1,10.0,5730.0,-6370.0,A_4_1 ──(10.0)──▶ L_9_1
M477,A_9_1,L_8_1,30.0,5000.0,-5180.0,A_9_1 ──(30.0)──▶ L_8_1
M478,A_2_1,L_6_1,70.0,5000.0,-5350.0,A_2_1 ──(70.0)──▶ L_6_1
M479,A_4_1,L_8_1,70.0,5730.0,-5180.0,A_4_1 ──(70.0)──▶ L_8_1
M480,A_10_1,L_9_1,20.0,5580.0,-6370.0,A_10_1 ──(20.0)──▶ L_9_1
M481,A_7_1,L_10_1,50.0,5470.0,-6620.0,A_7_1 ──(50.0)──▶ L_10_1
M482,A_6_1,L_1_1,20.0,5520.0,-6080.0,A_6_1 ──(20.0)──▶ L_1_1
M483,A_1_1,L_3_1,30.0,5890.0,-4760.0,A_1_1 ──(30.0)──▶ L_3_1
M484,A_7_1,L_4_1,60.0,5470.0,-6310.0,A_7_1 ──(60.0)──▶ L_4_1
M485,A_6_1,L_1_1,100.0,5520.0,-6080.0,A_6_1 ──(100.0)──▶ L_1_1
M486,A_10_1,L_8_1,50.0,5580.0,-5180.0,A_10_1 ──(50.0)──▶ L_8_1
M487,A_9_1,L_4_1,70.0,5000.0,-6310.0,A_9_1 ──(70.0)──▶ L_4_1
M488,A_10_1,L_3_1,80.0,5580.0,-4760.0,A_10_1 ──(80.0)──▶ L_3_1
M489,A_7_1,L_1_1,60.0,5470.0,-6080.0,A_7_1 ──(60.0)──▶ L_1_1
M490,A_9_1,L_2_1,10.0,5000.0,-4050.0,A_9_1 ──(10.0)──▶ L_2_1
M491,A_2_1,L_6_1,90.0,5000.0,-5350.0,A_2_1 ──(90.0)──▶ L_6_1
M492,A_5_1,L_4_1,20.0,5280.0,-6310.0,A_5_1 ──(20.0)──▶ L_4_1
M493,A_2_1,L_6_1,10.0,5000.0,-5350.0,A_2_1 ──(10.0)──▶ L_6_1
M494,A_1_1,L_10_1,70.0,5890.0,-6620.0,A_1_1 ──(70.0)──▶ L_10_1
M495,A_6_1,L_9_1,100.0,5520.0,-6370.0,A_6_1 ──(100.0)──▶ L_9_1
M496,A_1_1,L_5_1,70.0,5890.0,-5100.0,A_1_1 ──(70.0)──▶ L_5_1
M497,A_9_1,L_6_1,20.0,5000.0,-5350.0,A_9_1 ──(20.0)──▶ L_6_1
M498,A_5_1,L_9_1,60.0,5280.0,-6370.0,A_5_1 ──(60.0)──▶ L_9_1
M499,A_6_1,L_7_1,80.0,5520.0,-5220.0,A_6_1 ──(80.0)──▶ L_7_1
M500,A_5_1,L_6_1,30.0,5280.0,-5350.0,A_5_1 ──(30.0)──▶ L_6_1
M501,A_9_1,L_4_1,10.0,5000.0,-6310.0,A_9_1 ──(10.0)──▶ L_4_1
M502,A_6_1,L_10_1,10.0,5520.0,-6620.0,A_6_1 ──(10.0)──▶ L_10_1
M503,A_7_1,L_1_1,10.0,5470.0,-6080.0,A_7_1 ──(10.0)──▶ L_1_1
M504,A_1_1,L_3_1,60.0,5890.0,-4760.0,A_1_1 ──(60.0)──▶ L_3_1
M505,A_4_1,L_5_1,60.0,5730.0,-5100.0,A_4_1 ──(60.0)──▶ L_5_1
M506,A_9_1,L_7_1,10.0,5000.0,-5220.0,A_9_1 ──(10.0)──▶ L_7_1
M507,A_5_1,L_9_1,90.0,5280.0,-6370.0,A_5_1 ──(90.0)──▶ L_9_1
M508,A_5_1,L_1_1,10.0,5280.0,-6080.0,A_5_1 ──(10.0)──▶ L_1_1
M509,A_4_1,L_8_1,10.0,5730.0,-5180.0,A_4_1 ──(10.0)──▶ L_8_1
M510,A_6_1,L_3_1,80.0,5520.0,-4760.0,A_6_1 ──(80.0)──▶ L_3_1
M511,A_4_1,L_6_1,20.0,5730.0,-5350.0,A_4_1 ──(20.0)──▶ L_6_1
M512,A_2_1,L_7_1,10.0,5000.0,-5220.0,A_2_1 ──(10.0)──▶ L_7_1
M513,A_3_1,L_10_1,10.0,6320.0,-6620.0,A_3_1 ──(10.0)──▶ L_10_1
M514,A_9_1,L_4_1,80.0,5000.0,-6310.0,A_9_1 ──(80.0)──▶ L_4_1
M515,A_3_1,L_8_1,60.0,6320.0,-5180.0,A_3_1 ──(60.0)──▶ L_8_1
M516,A_1_1,L_9_1,80.0,5890.0,-6370.0,A_1_1 ──(80.0)──▶ L_9_1
M517,A_3_1,L_5_1,10.0,6320.0,-5100.0,A_3_1 ──(10.0)──▶ L_5_1
M518,A_5_1,L_8_1,50.0,5280.0,-5180.0,A_5_1 ──(50.0)──▶ L_8_1
M519,A_5_1,L_10_1,40.0,5280.0,-6620.0,A_5_1 ──(40.0)──▶ L_10_1
M520,A_4_1,L_5_1,60.0,5730.0,-5100.0,A_4_1 ──(60.0)──▶ L_5_1
M521,A_3_1,L_4_1,30.0,6320.0,-6310.0,A_3_1 ──(30.0)──▶ L_4_1
M522,A_8_1,L_3_1,100.0,5250.0,-4760.0,A_8_1 ──(100.0)──▶ L_3_1
M523,A_4_1,L_8_1,40.0,5730.0,-5180.0,A_4_1 ──(40.0)──▶ L_8_1
M524,A_6_1,L_8_1,50.0,5520.0,-5180.0,A_6_1 ──(50.0)──▶ L_8_1
M525,A_1_1,L_2_1,20.0,5890.0,-4050.0,A_1_1 ──(20.0)──▶ L_2_1
M526,A_4_1,L_2_1,70.0,5730.0,-4050.0,A_4_1 ──(70.0)──▶ L_2_1
M527,A_7_1,L_6_1,20.0,5470.0,-5350.0,A_7_1 ──(20.0)──▶ L_6_1
M528,A_8_1,L_7_1,10.0,5250.0,-5220.0,A_8_1 ──(10.0)──▶ L_7_1
M529,A_1_1,L_9_1,60.0,5890.0,-6370.0,A_1_1 ──(60.0)──▶ L_9_1
M530,A_3_1,L_10_1,90.0,6320.0,-6620.0,A_3_1 ──(90.0)──▶ L_10_1
M531,A_6_1,L_5_1,70.0,5520.0,-5100.0,A_6_1 ──(70.0)──▶ L_5_1
M532,A_4_1,L_3_1,70.0,5730.0,-4760.0,A_4_1 ──(70.0)──▶ L_3_1
M533,A_4_1,L_3_1,20.0,5730.0,-4760.0,A_4_1 ──(20.0)──▶ L_3_1
M534,A_3_1,L_7_1,80.0,6320.0,-5220.0,A_3_1 ──(80.0)──▶ L_7_1
M535,A_8_1,L_3_1,60.0,5250.0,-4760.0,A_8_1 ──(60.0)──▶ L_3_1
M536,A_10_1,L_6_1,70.0,5580.0,-5350.0,A_10_1 ──(70.0)──▶ L_6_1
M537,A_7_1,L_5_1,40.0,5470.0,-5100.0,A_7_1 ──(40.0)──▶ L_5_1
M538,A_7_1,L_10_1,90.0,5470.0,-6620.0,A_7_1 ──(90.0)──▶ L_10_1
M539,A_6_1,L_3_1,60.0,5520.0,-4760.0,A_6_1 ──(60.0)──▶ L_3_1
M540,A_4_1,L_10_1,30.0,5730.0,-6620.0,A_4_1 ──(30.0)──▶ L_10_1
M541,A_3_1,L_5_1,80.0,6320.0,-5100.0,A_3_1 ──(80.0)──▶ L_5_1
M542,A_7_1,L_4_1,100.0,5470.0,-6310.0,A_7_1 ──(100.0)──▶ L_4_1
M543,A_3_1,L_9_1,80.0,6320.0,-6370.0,A_3_1 ──(80.0)──▶ L_9_1
M544,A_1_1,L_5_1,20.0,5890.0,-5100.0,A_1_1 ──(20.0)──▶ L_5_1
M545,A_2_1,L_7_1,10.0,5000.0,-5220.0,A_2_1 ──(10.0)──▶ L_7_1
M546,A_3_1,L_6_1,50.0,6320.0,-5350.0,A_3_1 ──(50.0)──▶ L_6_1
M547,A_1_1,L_3_1,60.0,5890.0,-4760.0,A_1_1 ──(60.0)──▶ L_3_1
M548,A_7_1,L_6_1,60.0,5470.0,-5350.0,A_7_1 ──(60.0)──▶ L_6_1
M549,A_5_1,L_6_1,70.0,5280.0,-5350.0,A_5_1 ──(70.0)──▶ L_6_1
M550,A_8_1,L_6_1,30.0,5250.0,-5350.0,A_8_1 ──(30.0)──▶ L_6_1
M551,A_4_1,L_5_1,100.0,5730.0,-5100.0,A_4_1 ──(100.0)──▶ L_5_1
M552,A_7_1,L_4_1,60.0,5470.0,-6310.0,A_7_1 ──(60.0)──▶ L_4_1
M553,A_8_1,L_6_1,80.0,5250.0,-5350.0,A_8_1 ──(80.0)──▶ L_6_1
M554,A_9_1,L_7_1,10.0,5000.0,-5220.0,A_9_1 ──(10.0)──▶ L_7_1
M555,A_9_1,L_10_1,50.0,5000.0,-6620.0,A_9_1 ──(50.0)──▶ L_10_1
M556,A_4_1,L_8_1,40.0,5730.0,-5180.0,A_4_1 ──(40.0)──▶ L_8_1
M557,A_3_1,L_6_1,80.0,6320.0,-5350.0,A_3_1 ──(80.0)──▶ L_6_1
M558,A_9_1,L_1_1,70.0,5000.0,-6080.0,A_9_1 ──(70.0)──▶ L_1_1
M559,A_4_1,L_9_1,20.0,5730.0,-6370.0,A_4_1 ──(20.0)──▶ L_9_1
M560,A_8_1,L_9_1,90.0,5250.0,-6370.0,A_8_1 ──(90.0)──▶ L_9_1
M561,A_1_1,L_6_1,30.0,5890.0,-5350.0,A_1_1 ──(30.0)──▶ L_6_1
M562,A_5_1,L_7_1,80.0,5280.0,-5220.0,A_5_1 ──(80.0)──▶ L_7_1
M563,A_5_1,L_6_1,50.0,5280.0,-5350.0,A_5_1 ──(50.0)──▶ L_6_1
M564,A_9_1,L_10_1,60.0,5000.0,-6620.0,A_9_1 ──(60.0)──▶ L_10_1
M565,A_2_1,L_3_1,80.0,5000.0,-4760.0,A_2_1 ──(80.0)──▶ L_3_1
M566,A_10_1,L_8_1,80.0,5580.0,-5180.0,A_10_1 ──(80.0)──▶ L_8_1
M567,A_7_1,L_1_1,30.0,5470.0,-6080.0,A_7_1 ──(30.0)──▶ L_1_1
M568,A_3_1,L_1_1,30.0,6320.0,-6080.0,A_3_1 ──(30.0)──▶ L_1_1
M569,A_6_1,L_7_1,10.0,5520.0,-5220.0,A_6_1 ──(10.0)──▶ L_7_1
M570,A_8_1,L_3_1,40.0,5250.0,-4760.0,A_8_1 ──(40.0)──▶ L_3_1
M571,A_5_1,L_10_1,90.0,5280.0,-6620.0,A_5_1 ──(90.0)──▶ L_10_1
M572,A_6_1,L_2_1,40.0,5520.0,-4050.0,A_6_1 ──(40.0)──▶ L_2_1
M573,A_8_1,L_2_1,10.0,5250.0,-4050.0,A_8_1 ──(10.0)──▶ L_2_1
M574,A_5_1,L_4_1,80.0,5280.0,-6310.0,A_5_1 ──(80.0)──▶ L_4_1
M575,A_1_1,L_5_1,80.0,5890.0,-5100.0,A_1_1 ──(80.0)──▶ L_5_1
M576,A_10_1,L_1_1,40.0,5580.0,-6080.0,A_10_1 ──(40.0)──▶ L_1_1
M577,A_2_1,L_1_1,100.0,5000.0,-6080.0,A_2_1 ──(100.0)──▶ L_1_1
M578,A_7_1,L_8_1,20.0,5470.0,-5180.0,A_7_1 ──(20.0)──▶ L_8_1
M579,A_8_1,L_5_1,60.0,5250.0,-5100.0,A_8_1 ──(60.0)──▶ L_5_1
M580,A_1_1,L_8_1,80.0,5890.0,-5180.0,A_1_1 ──(80.0)──▶ L_8_1
M581,A_10_1,L_7_1,30.0,5580.0,-5220.0,A_10_1 ──(30.0)──▶ L_7_1
M582,A_6_1,L_9_1,80.0,5520.0,-6370.0,A_6_1 ──(80.0)──▶ L_9_1
M583,A_7_1,L_9_1,70.0,5470.0,-6370.0,A_7_1 ──(70.0)──▶ L_9_1
M584,A_1_1,L_5_1,20.0,5890.0,-5100.0,A_1_1 ──(20.0)──▶ L_5_1
M585,A_10_1,L_9_1,40.0,5580.0,-6370.0,A_10_1 ──(40.0)──▶ L_9_1
M586,A_1_1,L_3_1,40.0,5890.0,-4760.0,A_1_1 ──(40.0)──▶ L_3_1
M587,A_2_1,L_6_1,60.0,5000.0,-5350.0,A_2_1 ──(60.0)──▶ L_6_1
M588,A_7_1,L_1_1,100.0,5470.0,-6080.0,A_7_1 ──(100.0)──▶ L_1_1
M589,A_8_1,L_3_1,40.0,5250.0,-4760.0,A_8_1 ──(40.0)──▶ L_3_1
M590,A_3_1,L_2_1,90.0,6320.0,-4050.0,A_3_1 ──(90.0)──▶ L_2_1
M591,A_8_1,L_7_1,30.0,5250.0,-5220.0,A_8_1 ──(30.0)──▶ L_7_1
M592,A_10_1,L_6_1,20.0,5580.0,-5350.0,A_10_1 ──(20.0)──▶ L_6_1
M593,A_6_1,L_5_1,90.0,5520.0,-5100.0,A_6_1 ──(90.0)──▶ L_5_1
M594,A_6_1,L_8_1,20.0,5520.0,-5180.0,A_6_1 ──(20.0)──▶ L_8_1
M595,A_2_1,L_4_1,50.0,5000.0,-6310.0,A_2_1 ──(50.0)──▶ L_4_1
M596,A_3_1,L_5_1,90.0,6320.0,-5100.0,A_3_1 ──(90.0)──▶ L_5_1
M597,A_6_1,L_1_1,90.0,5520.0,-6080.0,A_6_1 ──(90.0)──▶ L_1_1
M598,A_2_1,L_3_1,10.0,5000.0,-4760.0,A_2_1 ──(10.0)──▶ L_3_1
M599,A_1_1,L_5_1,80.0,5890.0,-5100.0,A_1_1 ──(80.0)──▶ L_5_1
M600,A_7_1,L_8_1,30.0,5470.0,-5180.0,A_7_1 ──(30.0)──▶ L_8_1
M601,A_4_1,L_5_1,100.0,5730.0,-5100.0,A_4_1 ──(100.0)──▶ L_5_1
M602,A_9_1,L_10_1,30.0,5000.0,-6620.0,A_9_1 ──(30.0)──▶ L_10_1
M603,A_4_1,L_8_1,20.0,5730.0,-5180.0,A_4_1 ──(20.0)──▶ L_8_1
M604,A_1_1,L_2_1,30.0,5890.0,-4050.0,A_1_1 ──(30.0)──▶ L_2_1
M605,A_7_1,L_10_1,50.0,5470.0,-6620.0,A_7_1 ──(50.0)──▶ L_10_1
M606,A_10_1,L_2_1,80.0,5580.0,-4050.0,A_10_1 ──(80.0)──▶ L_2_1
M607,A_6_1,L_7_1,20.0,5520.0,-5220.0,A_6_1 ──(20.0)──▶ L_7_1
M608,A_10_1,L_5_1,60.0,5580.0,-5100.0,A_10_1 ──(60.0)──▶ L_5_1
M609,A_6_1,L_1_1,100.0,5520.0,-6080.0,A_6_1 ──(100.0)──▶ L_1_1
M610,A_8_1,L_5_1,30.0,5250.0,-5100.0,A_8_1 ──(30.0)──▶ L_5_1
M611,A_10_1,L_5_1,70.0,5580.0,-5100.0,A_10_1 ──(70.0)──▶ L_5_1
M612,A_1_1,L_7_1,90.0,5890.0,-5220.0,A_1_1 ──(90.0)──▶ L_7_1
M613,A_3_1,L_2_1,60.0,6320.0,-4050.0,A_3_1 ──(60.0)──▶ L_2_1
M614,A_6_1,L_3_1,30.0,5520.0,-4760.0,A_6_1 ──(30.0)──▶ L_3_1
M615,A_10_1,L_9_1,100.0,5580.0,-6370.0,A_10_1 ──(100.0)──▶ L_9_1
M616,A_4_1,L_9_1,20.0,5730.0,-6370.0,A_4_1 ──(20.0)──▶ L_9_1
M617,A_3_1,L_9_1,100.0,6320.0,-6370.0,A_3_1 ──(100.0)──▶ L_9_1
M618,A_9_1,L_6_1,100.0,5000.0,-5350.0,A_9_1 ──(100.0)──▶ L_6_1
M619,A_9_1,L_8_1,40.0,5000.0,-5180.0,A_9_1 ──(40.0)──▶ L_8_1
M620,A_4_1,L_7_1,60.0,5730.0,-5220.0,A_4_1 ──(60.0)──▶ L_7_1
M621,A_4_1,L_1_1,10.0,5730.0,-6080.0,A_4_1 ──(10.0)──▶ L_1_1
M622,A_1_1,L_3_1,70.0,5890.0,-4760.0,A_1_1 ──(70.0)──▶ L_3_1
M623,A_1_1,L_2_1,40.0,5890.0,-4050.0,A_1_1 ──(40.0)──▶ L_2_1
M624,A_4_1,L_8_1,70.0,5730.0,-5180.0,A_4_1 ──(70.0)──▶ L_8_1
M625,A_9_1,L_4_1,60.0,5000.0,-6310.0,A_9_1 ──(60.0)──▶ L_4_1
M626,A_3_1,L_1_1,60.0,6320.0,-6080.0,A_3_1 ──(60.0)──▶ L_1_1
M627,A_8_1,L_5_1,10.0,5250.0,-5100.0,A_8_1 ──(10.0)──▶ L_5_1
M628,A_5_1,L_2_1,20.0,5280.0,-4050.0,A_5_1 ──(20.0)──▶ L_2_1
M629,A_4_1,L_1_1,40.0,5730.0,-6080.0,A_4_1 ──(40.0)──▶ L_1_1
M630,A_9_1,L_1_1,100.0,5000.0,-6080.0,A_9_1 ──(100.0)──▶ L_1_1
M631,A_3_1,L_1_1,100.0,6320.0,-6080.0,A_3_1 ──(100.0)──▶ L_1_1
M632,A_3_1,L_4_1,90.0,6320.0,-6310.0,A_3_1 ──(90.0)──▶ L_4_1
M633,A_4_1,L_1_1,80.0,5730.0,-6080.0,A_4_1 ──(80.0)──▶ L_1_1
M634,A_6_1,L_7_1,60.0,5520.0,-5220.0,A_6_1 ──(60.0)──▶ L_7_1
M635,A_1_1,L_2_1,40.0,5890.0,-4050.0,A_1_1 ──(40.0)──▶ L_2_1
M636,A_4_1,L_5_1,70.0,5730.0,-5100.0,A_4_1 ──(70.0)──▶ L_5_1
M637,A_2_1,L_1_1,50.0,5000.0,-6080.0,A_2_1 ──(50.0)──▶ L_1_1
M638,A_3_1,L_6_1,10.0,6320.0,-5350.0,A_3_1 ──(10.0)──▶ L_6_1
M639,A_2_1,L_8_1,80.0,5000.0,-5180.0,A_2_1 ──(80.0)──▶ L_8_1
M640,A_3_1,L_5_1,90.0,6320.0,-5100.0,A_3_1 ──(90.0)──▶ L_5_1
M641,A_9_1,L_8_1,70.0,5000.0,-5180.0,A_9_1 ──(70.0)──▶ L_8_1
M642,A_5_1,L_10_1,80.0,5280.0,-6620.0,A_5_1 ──(80.0)──▶ L_10_1
M643,A_7_1,L_9_1,90.0,5470.0,-6370.0,A_7_1 ──(90.0)──▶ L_9_1
M644,A_9_1,L_5_1,30.0,5000.0,-5100.0,A_9_1 ──(30.0)──▶ L_5_1
M645,A_10_1,L_3_1,60.0,5580.0,-4760.0,A_10_1 ──(60.0)──▶ L_3_1
M646,A_10_1,L_9_1,50.0,5580.0,-6370.0,A_10_1 ──(50.0)──▶ L_9_1
M647,A_6_1,L_1_1,60.0,5520.0,-6080.0,A_6_1 ──(60.0)──▶ L_1_1
M648,A_3_1,L_7_1,50.0,6320.0,-5220.0,A_3_1 ──(50.0)──▶ L_7_1
M649,A_9_1,L_8_1,30.0,5000.0,-5180.0,A_9_1 ──(30.0)──▶ L_8_1
M650,A_8_1,L_1_1,50.0,5250.0,-6080.0,A_8_1 ──(50.0)──▶ L_1_1
M651,A_7_1,L_3_1,30.0,5470.0,-4760.0,A_7_1 ──(30.0)──▶ L_3_1
M652,A_1_1,L_5_1,50.0,5890.0,-5100.0,A_1_1 ──(50.0)──▶ L_5_1
M653,A_1_1,L_7_1,90.0,5890.0,-5220.0,A_1_1 ──(90.0)──▶ L_7_1
M654,A_8_1,L_7_1,50.0,5250.0,-5220.0,A_8_1 ──(50.0)──▶ L_7_1
M655,A_1_1,L_2_1,50.0,5890.0,-4050.0,A_1_1 ──(50.0)──▶ L_2_1
M656,A_5_1,L_4_1,10.0,5280.0,-6310.0,A_5_1 ──(10.0)──▶ L_4_1
M657,A_10_1,L_6_1,50.0,5580.0,-5350.0,A_10_1 ──(50.0)──▶ L_6_1
M658,A_6_1,L_2_1,10.0,5520.0,-4050.0,A_6_1 ──(10.0)──▶ L_2_1
M659,A_6_1,L_3_1,20.0,5520.0,-4760.0,A_6_1 ──(20.0)──▶ L_3_1
M660,A_8_1,L_2_1,30.0,5250.0,-4050.0,A_8_1 ──(30.0)──▶ L_2_1
M661,A_1_1,L_6_1,10.0,5890.0,-5350.0,A_1_1 ──(10.0)──▶ L_6_1
M662,A_4_1,L_10_1,50.0,5730.0,-6620.0,A_4_1 ──(50.0)──▶ L_10_1
M663,A_2_1,L_8_1,80.0,5000.0,-5180.0,A_2_1 ──(80.0)──▶ L_8_1
M664,A_8_1,L_10_1,80.0,5250.0,-6620.0,A_8_1 ──(80.0)──▶ L_10_1
M665,A_7_1,L_8_1,70.0,5470.0,-5180.0,A_7_1 ──(70.0)──▶ L_8_1
M666,A_2_1,L_6_1,30.0,5000.0,-5350.0,A_2_1 ──(30.0)──▶ L_6_1
M667,A_3_1,L_4_1,30.0,6320.0,-6310.0,A_3_1 ──(30.0)──▶ L_4_1
M668,A_2_1,L_1_1,60.0,5000.0,-6080.0,A_2_1 ──(60.0)──▶ L_1_1
M669,A_8_1,L_7_1,60.0,5250.0,-5220.0,A_8_1 ──(60.0)──▶ L_7_1
M670,A_2_1,L_8_1,80.0,5000.0,-5180.0,A_2_1 ──(80.0)──▶ L_8_1
M671,A_5_1,L_10_1,90.0,5280.0,-6620.0,A_5_1 ──(90.0)──▶ L_10_1
M672,A_6_1,L_4_1,10.0,5520.0,-6310.0,A_6_1 ──(10.0)──▶ L_4_1
M673,A_8_1,L_4_1,70.0,5250.0,-6310.0,A_8_1 ──(70.0)──▶ L_4_1
M674,A_2_1,L_6_1,60.0,5000.0,-5350.0,A_2_1 ──(60.0)──▶ L_6_1
M675,A_1_1,L_8_1,60.0,5890.0,-5180.0,A_1_1 ──(60.0)──▶ L_8_1
M676,A_1_1,L_10_1,90.0,5890.0,-6620.0,A_1_1 ──(90.0)──▶ L_10_1
M677,A_5_1,L_4_1,10.0,5280.0,-6310.0,A_5_1 ──(10.0)──▶ L_4_1
M678,A_8_1,L_1_1,20.0,5250.0,-6080.0,A_8_1 ──(20.0)──▶ L_1_1
M679,A_6_1,L_4_1,20.0,5520.0,-6310.0,A_6_1 ──(20.0)──▶ L_4_1
M680,A_8_1,L_3_1,10.0,5250.0,-4760.0,A_8_1 ──(10.0)──▶ L_3_1
M681,A_7_1,L_3_1,50.0,5470.0,-4760.0,A_7_1 ──(50.0)──▶ L_3_1
M682,A_6_1,L_1_1,10.0,5520.0,-6080.0,A_6_1 ──(10.0)──▶ L_1_1
M683,A_8_1,L_2_1,10.0,5250.0,-4050.0,A_8_1 ──(10.0)──▶ L_2_1
M684,A_7_1,L_10_1,60.0,5470.0,-6620.0,A_7_1 ──(60.0)──▶ L_10_1
M685,A_1_1,L_5_1,100.0,5890.0,-5100.0,A_1_1 ──(100.0)──▶ L_5_1
M686,A_6_1,L_10_1,100.0,5520.0,-6620.0,A_6_1 ──(100.0)──▶ L_10_1
M687,A_10_1,L_9_1,70.0,5580.0,-6370.0,A_10_1 ──(70.0)──▶ L_9_1
M688,A_3_1,L_7_1,10.0,6320.0,-5220.0,A_3_1 ──(10.0)──▶ L_7_1
M689,A_6_1,L_1_1,50.0,5520.0,-6080.0,A_6_1 ──(50.0)──▶ L_1_1
M690,A_7_1,L_4_1,40.0,5470.0,-6310.0,A_7_1 ──(40.0)──▶ L_4_1
M691,A_7_1,L_8_1,20.0,5470.0,-5180.0,A_7_1 ──(20.0)──▶ L_8_1
M692,A_4_1,L_10_1,50.0,5730.0,-6620.0,A_4_1 ──(50.0)──▶ L_10_1
M693,A_7_1,L_5_1,60.0,5470.0,-5100.0,A_7_1 ──(60.0)──▶ L_5_1
M694,A_9_1,L_2_1,90.0,5000.0,-4050.0,A_9_1 ──(90.0)──▶ L_2_1
M695,A_9_1,L_6_1,30.0,5000.0,-5350.0,A_9_1 ──(30.0)──▶ L_6_1
M696,A_7_1,L_4_1,80.0,5470.0,-6310.0,A_7_1 ──(80.0)──▶ L_4_1
M697,A_2_1,L_1_1,100.0,5000.0,-6080.0,A_2_1 ──(100.0)──▶ L_1_1
M698,A_9_1,L_6_1,80.0,5000.0,-5350.0,A_9_1 ──(80.0)──▶ L_6_1
M699,A_8_1,L_7_1,70.0,5250.0,-5220.0,A_8_1 ──(70.0)──▶ L_7_1
M700,A_10_1,L_6_1,20.0,5580.0,-5350.0,A_10_1 ──(20.0)──▶ L_6_1
M701,A_5_1,L_7_1,90.0,5280.0,-5220.0,A_5_1 ──(90.0)──▶ L_7_1
M702,A_5_1,L_10_1,50.0,5280.0,-6620.0,A_5_1 ──(50.0)──▶ L_10_1
M703,A_10_1,L_8_1,10.0,5580.0,-5180.0,A_10_1 ──(10.0)──▶ L_8_1
M704,A_6_1,L_3_1,90.0,5520.0,-4760.0,A_6_1 ──(90.0)──▶ L_3_1
M705,A_5_1,L_6_1,10.0,5280.0,-5350.0,A_5_1 ──(10.0)──▶ L_6_1
M706,A_7_1,L_2_1,60.0,5470.0,-4050.0,A_7_1 ──(60.0)──▶ L_2_1
M707,A_1_1,L_9_1,70.0,5890.0,-6370.0,A_1_1 ──(70.0)──▶ L_9_1
M708,A_8_1,L_5_1,30.0,5250.0,-5100.0,A_8_1 ──(30.0)──▶ L_5_1
M709,A_7_1,L_5_1,10.0,5470.0,-5100.0,A_7_1 ──(10.0)──▶ L_5_1
M710,A_7_1,L_3_1,50.0,5470.0,-4760.0,A_7_1 ──(50.0)──▶ L_3_1
M711,A_6_1,L_10_1,40.0,5520.0,-6620.0,A_6_1 ──(40.0)──▶ L_10_1
M712,A_6_1,L_3_1,100.0,5520.0,-4760.0,A_6_1 ──(100.0)──▶ L_3_1
M713,A_8_1,L_2_1,100.0,5250.0,-4050.0,A_8_1 ──(100.0)──▶ L_2_1
M714,A_10_1,L_6_1,20.0,5580.0,-5350.0,A_10_1 ──(20.0)──▶ L_6_1
M715,A_2_1,L_8_1,80.0,5000.0,-5180.0,A_2_1 ──(80.0)──▶ L_8_1
M716,A_3_1,L_10_1,50.0,6320.0,-6620.0,A_3_1 ──(50.0)──▶ L_10_1
M717,A_3_1,L_4_1,80.0,6320.0,-6310.0,A_3_1 ──(80.0)──▶ L_4_1
M718,A_5_1,L_6_1,80.0,5280.0,-5350.0,A_5_1 ──(80.0)──▶ L_6_1
M719,A_1_1,L_9_1,70.0,5890.0,-6370.0,A_1_1 ──(70.0)──▶ L_9_1
M720,A_7_1,L_5_1,30.0,5470.0,-5100.0,A_7_1 ──(30.0)──▶ L_5_1
M721,A_7_1,L_3_1,90.0,5470.0,-4760.0,A_7_1 ──(90.0)──▶ L_3_1
M722,A_8_1,L_10_1,20.0,5250.0,-6620.0,A_8_1 ──(20.0)──▶ L_10_1
M723,A_1_1,L_8_1,40.0,5890.0,-5180.0,A_1_1 ──(40.0)──▶ L_8_1
M724,A_7_1,L_3_1,30.0,5470.0,-4760.0,A_7_1 ──(30.0)──▶ L_3_1
M725,A_4_1,L_9_1,80.0,5730.0,-6370.0,A_4_1 ──(80.0)──▶ L_9_1
M726,A_10_1,L_6_1,40.0,5580.0,-5350.0,A_10_1 ──(40.0)──▶ L_6_1
M727,A_10_1,L_4_1,60.0,5580.0,-6310.0,A_10_1 ──(60.0)──▶ L_4_1
M728,A_9_1,L_10_1,80.0,5000.0,-6620.0,A_9_1 ──(80.0)──▶ L_10_1
M729,A_4_1,L_6_1,50.0,5730.0,-5350.0,A_4_1 ──(50.0)──▶ L_6_1
M730,A_5_1,L_9_1,80.0,5280.0,-6370.0,A_5_1 ──(80.0)──▶ L_9_1
M731,A_5_1,L_1_1,90.0,5280.0,-6080.0,A_5_1 ──(90.0)──▶ L_1_1
M732,A_9_1,L_1_1,90.0,5000.0,-6080.0,A_9_1 ──(90.0)──▶ L_1_1
M733,A_8_1,L_3_1,10.0,5250.0,-4760.0,A_8_1 ──(10.0)──▶ L_3_1
M734,A_2_1,L_8_1,90.0,5000.0,-5180.0,A_2_1 ──(90.0)──▶ L_8_1
M735,A_4_1,L_1_1,20.0,5730.0,-6080.0,A_4_1 ──(20.0)──▶ L_1_1
M736,A_3_1,L_8_1,30.0,6320.0,-5180.0,A_3_1 ──(30.0)──▶ L_8_1
M737,A_1_1,L_5_1,40.0,5890.0,-5100.0,A_1_1 ──(40.0)──▶ L_5_1
M738,A_6_1,L_4_1,20.0,5520.0,-6310.0,A_6_1 ──(20.0)──▶ L_4_1
M739,A_6_1,L_9_1,30.0,5520.0,-6370.0,A_6_1 ──(30.0)──▶ L_9_1
M740,A_9_1,L_7_1,10.0,5000.0,-5220.0,A_9_1 ──(10.0)──▶ L_7_1
M741,A_6_1,L_2_1,10.0,5520.0,-4050.0,A_6_1 ──(10.0)──▶ L_2_1
M742,A_10_1,L_2_1,50.0,5580.0,-4050.0,A_10_1 ──(50.0)──▶ L_2_1
M743,A_2_1,L_6_1,70.0,5000.0,-5350.0,A_2_1 ──(70.0)──▶ L_6_1
M744,A_1_1,L_4_1,100.0,5890.0,-6310.0,A_1_1 ──(100.0)──▶ L_4_1
M745,A_9_1,L_2_1,20.0,5000.0,-4050.0,A_9_1 ──(20.0)──▶ L_2_1
M746,A_5_1,L_2_1,40.0,5280.0,-4050.0,A_5_1 ──(40.0)──▶ L_2_1
M747,A_9_1,L_2_1,90.0,5000.0,-4050.0,A_9_1 ──(90.0)──▶ L_2_1
M748,A_7_1,L_10_1,40.0,5470.0,-6620.0,A_7_1 ──(40.0)──▶ L_10_1
M749,A_4_1,L_5_1,20.0,5730.0,-5100.0,A_4_1 ──(20.0)──▶ L_5_1
M750,A_4_1,L_1_1,100.0,5730.0,-6080.0,A_4_1 ──(100.0)──▶ L_1_1
M751,A_4_1,L_10_1,40.0,5730.0,-6620.0,A_4_1 ──(40.0)──▶ L_10_1
M752,A_6_1,L_5_1,100.0,5520.0,-5100.0,A_6_1 ──(100.0)──▶ L_5_1
M753,A_9_1,L_4_1,90.0,5000.0,-6310.0,A_9_1 ──(90.0)──▶ L_4_1
M754,A_1_1,L_6_1,70.0,5890.0,-5350.0,A_1_1 ──(70.0)──▶ L_6_1
M755,A_4_1,L_9_1,30.0,5730.0,-6370.0,A_4_1 ──(30.0)──▶ L_9_1
M756,A_8_1,L_6_1,80.0,5250.0,-5350.0,A_8_1 ──(80.0)──▶ L_6_1
M757,A_4_1,L_6_1,60.0,5730.0,-5350.0,A_4_1 ──(60.0)──▶ L_6_1
M758,A_1_1,L_4_1,10.0,5890.0,-6310.0,A_1_1 ──(10.0)──▶ L_4_1
M759,A_8_1,L_3_1,40.0,5250.0,-4760.0,A_8_1 ──(40.0)──▶ L_3_1
M760,A_1_1,L_10_1,60.0,5890.0,-6620.0,A_1_1 ──(60.0)──▶ L_10_1
M761,A_6_1,L_2_1,10.0,5520.0,-4050.0,A_6_1 ──(10.0)──▶ L_2_1
M762,A_1_1,L_6_1,40.0,5890.0,-5350.0,A_1_1 ──(40.0)──▶ L_6_1
M763,A_3_1,L_5_1,50.0,6320.0,-5100.0,A_3_1 ──(50.0)──▶ L_5_1
M764,A_1_1,L_2_1,100.0,5890.0,-4050.0,A_1_1 ──(100.0)──▶ L_2_1
M765,A_2_1,L_7_1,90.0,5000.0,-5220.0,A_2_1 ──(90.0)──▶ L_7_1
M766,A_1_1,L_5_1,60.0,5890.0,-5100.0,A_1_1 ──(60.0)──▶ L_5_1
M767,A_10_1,L_2_1,80.0,5580.0,-4050.0,A_10_1 ──(80.0)──▶ L_2_1
M768,A_5_1,L_3_1,40.0,5280.0,-4760.0,A_5_1 ──(40.0)──▶ L_3_1
M769,A_10_1,L_5_1,20.0,5580.0,-5100.0,A_10_1 ──(20.0)──▶ L_5_1
M770,A_7_1,L_8_1,20.0,5470.0,-5180.0,A_7_1 ──(20.0)──▶ L_8_1
M771,A_1_1,L_8_1,90.0,5890.0,-5180.0,A_1_1 ──(90.0)──▶ L_8_1
M772,A_8_1,L_7_1,60.0,5250.0,-5220.0,A_8_1 ──(60.0)──▶ L_7_1
M773,A_9_1,L_1_1,90.0,5000.0,-6080.0,A_9_1 ──(90.0)──▶ L_1_1
M774,A_1_1,L_5_1,30.0,5890.0,-5100.0,A_1_1 ──(30.0)──▶ L_5_1
M775,A_8_1,L_4_1,40.0,5250.0,-6310.0,A_8_1 ──(40.0)──▶ L_4_1
M776,A_9_1,L_1_1,30.0,5000.0,-6080.0,A_9_1 ──(30.0)──▶ L_1_1
M777,A_6_1,L_5_1,40.0,5520.0,-5100.0,A_6_1 ──(40.0)──▶ L_5_1
M778,A_4_1,L_6_1,40.0,5730.0,-5350.0,A_4_1 ──(40.0)──▶ L_6_1
M779,A_2_1,L_7_1,40.0,5000.0,-5220.0,A_2_1 ──(40.0)──▶ L_7_1
M780,A_3_1,L_1_1,60.0,6320.0,-6080.0,A_3_1 ──(60.0)──▶ L_1_1
M781,A_4_1,L_1_1,10.0,5730.0,-6080.0,A_4_1 ──(10.0)──▶ L_1_1
M782,A_2_1,L_5_1,90.0,5000.0,-5100.0,A_2_1 ──(90.0)──▶ L_5_1
M783,A_6_1,L_7_1,40.0,5520.0,-5220.0,A_6_1 ──(40.0)──▶ L_7_1
M784,A_2_1,L_3_1,40.0,5000.0,-4760.0,A_2_1 ──(40.0)──▶ L_3_1
M785,A_9_1,L_4_1,20.0,5000.0,-6310.0,A_9_1 ──(20.0)──▶ L_4_1
M786,A_10_1,L_4_1,80.0,5580.0,-6310.0,A_10_1 ──(80.0)──▶ L_4_1
M787,A_10_1,L_9_1,90.0,5580.0,-6370.0,A_10_1 ──(90.0)──▶ L_9_1
M788,A_3_1,L_8_1,50.0,6320.0,-5180.0,A_3_1 ──(50.0)──▶ L_8_1
M789,A_6_1,L_1_1,30.0,5520.0,-6080.0,A_6_1 ──(30.0)──▶ L_1_1
M790,A_7_1,L_4_1,80.0,5470.0,-6310.0,A_7_1 ──(80.0)──▶ L_4_1
M791,A_6_1,L_4_1,20.0,5520.0,-6310.0,A_6_1 ──(20.0)──▶ L_4_1
M792,A_10_1,L_1_1,50.0,5580.0,-6080.0,A_10_1 ──(50.0)──▶ L_1_1
M793,A_2_1,L_7_1,10.0,5000.0,-5220.0,A_2_1 ──(10.0)──▶ L_7_1
M794,A_2_1,L_10_1,30.0,5000.0,-6620.0,A_2_1 ──(30.0)──▶ L_10_1
M795,A_6_1,L_9_1,80.0,5520.0,-6370.0,A_6_1 ──(80.0)──▶ L_9_1
M796,A_9_1,L_3_1,60.0,5000.0,-4760.0,A_9_1 ──(60.0)──▶ L_3_1
M797,A_7_1,L_10_1,20.0,5470.0,-6620.0,A_7_1 ──(20.0)──▶ L_10_1
M798,A_3_1,L_1_1,80.0,6320.0,-6080.0,A_3_1 ──(80.0)──▶ L_1_1
M799,A_6_1,L_1_1,50.0,5520.0,-6080.0,A_6_1 ──(50.0)──▶ L_1_1
M800,A_10_1,L_4_1,70.0,5580.0,-6310.0,A_10_1 ──(70.0)──▶ L_4_1
M801,A_9_1,L_6_1,30.0,5000.0,-5350.0,A_9_1 ──(30.0)──▶ L_6_1
M802,A_4_1,L_7_1,20.0,5730.0,-5220.0,A_4_1 ──(20.0)──▶ L_7_1
M803,A_5_1,L_7_1,20.0,5280.0,-5220.0,A_5_1 ──(20.0)──▶ L_7_1
M804,A_2_1,L_10_1,90.0,5000.0,-6620.0,A_2_1 ──(90.0)──▶ L_10_1
M805,A_7_1,L_3_1,90.0,5470.0,-4760.0,A_7_1 ──(90.0)──▶ L_3_1
M806,A_9_1,L_6_1,70.0,5000.0,-5350.0,A_9_1 ──(70.0)──▶ L_6_1
M807,A_10_1,L_5_1,20.0,5580.0,-5100.0,A_10_1 ──(20.0)──▶ L_5_1
M808,A_9_1,L_10_1,40.0,5000.0,-6620.0,A_9_1 ──(40.0)──▶ L_10_1
M809,A_10_1,L_8_1,90.0,5580.0,-5180.0,A_10_1 ──(90.0)──▶ L_8_1
M810,A_6_1,L_7_1,100.0,5520.0,-5220.0,A_6_1 ──(100.0)──▶ L_7_1
M811,A_7_1,L_5_1,90.0,5470.0,-5100.0,A_7_1 ──(90.0)──▶ L_5_1
M812,A_2_1,L_7_1,60.0,5000.0,-5220.0,A_2_1 ──(60.0)──▶ L_7_1
M813,A_3_1,L_9_1,70.0,6320.0,-6370.0,A_3_1 ──(70.0)──▶ L_9_1
M814,A_4_1,L_7_1,50.0,5730.0,-5220.0,A_4_1 ──(50.0)──▶ L_7_1
M815,A_5_1,L_1_1,60.0,5280.0,-6080.0,A_5_1 ──(60.0)──▶ L_1_1
M816,A_7_1,L_2_1,30.0,5470.0,-4050.0,A_7_1 ──(30.0)──▶ L_2_1
M817,A_4_1,L_3_1,90.0,5730.0,-4760.0,A_4_1 ──(90.0)──▶ L_3_1
M818,A_3_1,L_9_1,10.0,6320.0,-6370.0,A_3_1 ──(10.0)──▶ L_9_1
M819,A_1_1,L_2_1,50.0,5890.0,-4050.0,A_1_1 ──(50.0)──▶ L_2_1
M820,A_1_1,L_10_1,60.0,5890.0,-6620.0,A_1_1 ──(60.0)──▶ L_10_1
M821,A_1_1,L_3_1,100.0,5890.0,-4760.0,A_1_1 ──(100.0)──▶ L_3_1
M822,A_1_1,L_3_1,40.0,5890.0,-4760.0,A_1_1 ──(40.0)──▶ L_3_1
M823,A_6_1,L_1_1,40.0,5520.0,-6080.0,A_6_1 ──(40.0)──▶ L_1_1
M824,A_7_1,L_6_1,50.0,5470.0,-5350.0,A_7_1 ──(50.0)──▶ L_6_1
M825,A_2_1,L_5_1,10.0,5000.0,-5100.0,A_2_1 ──(10.0)──▶ L_5_1
M826,A_2_1,L_6_1,30.0,5000.0,-5350.0,A_2_1 ──(30.0)──▶ L_6_1
M827,A_10_1,L_7_1,20.0,5580.0,-5220.0,A_10_1 ──(20.0)──▶ L_7_1
M828,A_2_1,L_9_1,80.0,5000.0,-6370.0,A_2_1 ──(80.0)──▶ L_9_1
M829,A_9_1,L_5_1,100.0,5000.0,-5100.0,A_9_1 ──(100.0)──▶ L_5_1
M830,A_9_1,L_5_1,30.0,5000.0,-5100.0,A_9_1 ──(30.0)──▶ L_5_1
M831,A_8_1,L_7_1,100.0,5250.0,-5220.0,A_8_1 ──(100.0)──▶ L_7_1
M832,A_10_1,L_9_1,60.0,5580.0,-6370.0,A_10_1 ──(60.0)──▶ L_9_1
M833,A_5_1,L_1_1,80.0,5280.0,-6080.0,A_5_1 ──(80.0)──▶ L_1_1
M834,A_6_1,L_9_1,10.0,5520.0,-6370.0,A_6_1 ──(10.0)──▶ L_9_1
M835,A_2_1,L_4_1,70.0,5000.0,-6310.0,A_2_1 ──(70.0)──▶ L_4_1
M836,A_7_1,L_2_1,10.0,5470.0,-4050.0,A_7_1 ──(10.0)──▶ L_2_1
M837,A_1_1,L_4_1,10.0,5890.0,-6310.0,A_1_1 ──(10.0)──▶ L_4_1
M838,A_2_1,L_1_1,60.0,5000.0,-6080.0,A_2_1 ──(60.0)──▶ L_1_1
M839,A_9_1,L_8_1,60.0,5000.0,-5180.0,A_9_1 ──(60.0)──▶ L_8_1
M840,A_3_1,L_9_1,80.0,6320.0,-6370.0,A_3_1 ──(80.0)──▶ L_9_1
M841,A_9_1,L_10_1,80.0,5000.0,-6620.0,A_9_1 ──(80.0)──▶ L_10_1
M842,A_8_1,L_9_1,40.0,5250.0,-6370.0,A_8_1 ──(40.0)──▶ L_9_1
M843,A_1_1,L_5_1,40.0,5890.0,-5100.0,A_1_1 ──(40.0)──▶ L_5_1
M844,A_5_1,L_4_1,90.0,5280.0,-6310.0,A_5_1 ──(90.0)──▶ L_4_1
M845,A_10_1,L_1_1,100.0,5580.0,-6080.0,A_10_1 ──(100.0)──▶ L_1_1
M846,A_4_1,L_6_1,100.0,5730.0,-5350.0,A_4_1 ──(100.0)──▶ L_6_1
M847,A_6_1,L_9_1,90.0,5520.0,-6370.0,A_6_1 ──(90.0)──▶ L_9_1
M848,A_10_1,L_5_1,30.0,5580.0,-5100.0,A_10_1 ──(30.0)──▶ L_5_1
M849,A_1_1,L_9_1,80.0,5890.0,-6370.0,A_1_1 ──(80.0)──▶ L_9_1
M850,A_8_1,L_4_1,100.0,5250.0,-6310.0,A_8_1 ──(100.0)──▶ L_4_1
M851,A_9_1,L_1_1,30.0,5000.0,-6080.0,A_9_1 ──(30.0)──▶ L_1_1
M852,A_8_1,L_4_1,50.0,5250.0,-6310.0,A_8_1 ──(50.0)──▶ L_4_1
M853,A_7_1,L_3_1,90.0,5470.0,-4760.0,A_7_1 ──(90.0)──▶ L_3_1
M854,A_9_1,L_10_1,40.0,5000.0,-6620.0,A_9_1 ──(40.0)──▶ L_10_1
M855,A_10_1,L_3_1,80.0,5580.0,-4760.0,A_10_1 ──(80.0)──▶ L_3_1
M856,A_9_1,L_10_1,20.0,5000.0,-6620.0,A_9_1 ──(20.0)──▶ L_10_1
M857,A_6_1,L_4_1,30.0,5520.0,-6310.0,A_6_1 ──(30.0)──▶ L_4_1
M858,A_3_1,L_7_1,50.0,6320.0,-5220.0,A_3_1 ──(50.0)──▶ L_7_1
M859,A_7_1,L_10_1,50.0,5470.0,-6620.0,A_7_1 ──(50.0)──▶ L_10_1
M860,A_4_1,L_10_1,80.0,5730.0,-6620.0,A_4_1 ──(80.0)──▶ L_10_1
M861,A_8_1,L_7_1,100.0,5250.0,-5220.0,A_8_1 ──(100.0)──▶ L_7_1
M862,A_8_1,L_10_1,10.0,5250.0,-6620.0,A_8_1 ──(10.0)──▶ L_10_1
M863,A_1_1,L_9_1,10.0,5890.0,-6370.0,A_1_1 ──(10.0)──▶ L_9_1
M864,A_2_1,L_9_1,40.0,5000.0,-6370.0,A_2_1 ──(40.0)──▶ L_9_1
M865,A_8_1,L_9_1,20.0,5250.0,-6370.0,A_8_1 ──(20.0)──▶ L_9_1
M866,A_8_1,L_2_1,10.0,5250.0,-4050.0,A_8_1 ──(10.0)──▶ L_2_1
M867,A_6_1,L_10_1,100.0,5520.0,-6620.0,A_6_1 ──(100.0)──▶ L_10_1
M868,A_8_1,L_3_1,100.0,5250.0,-4760.0,A_8_1 ──(100.0)──▶ L_3_1
M869,A_1_1,L_5_1,30.0,5890.0,-5100.0,A_1_1 ──(30.0)──▶ L_5_1
M870,A_4_1,L_10_1,100.0,5730.0,-6620.0,A_4_1 ──(100.0)──▶ L_10_1
M871,A_3_1,L_6_1,80.0,6320.0,-5350.0,A_3_1 ──(80.0)──▶ L_6_1
M872,A_7_1,L_9_1,50.0,5470.0,-6370.0,A_7_1 ──(50.0)──▶ L_9_1
M873,A_5_1,L_1_1,40.0,5280.0,-6080.0,A_5_1 ──(40.0)──▶ L_1_1
M874,A_10_1,L_6_1,80.0,5580.0,-5350.0,A_10_1 ──(80.0)──▶ L_6_1
M875,A_2_1,L_6_1,80.0,5000.0,-5350.0,A_2_1 ──(80.0)──▶ L_6_1
M876,A_4_1,L_10_1,90.0,5730.0,-6620.0,A_4_1 ──(90.0)──▶ L_10_1
M877,A_6_1,L_2_1,80.0,5520.0,-4050.0,A_6_1 ──(80.0)──▶ L_2_1
M878,A_7_1,L_8_1,90.0,5470.0,-5180.0,A_7_1 ──(90.0)──▶ L_8_1
M879,A_8_1,L_4_1,70.0,5250.0,-6310.0,A_8_1 ──(70.0)──▶ L_4_1
M880,A_6_1,L_9_1,90.0,5520.0,-6370.0,A_6_1 ──(90.0)──▶ L_9_1
M881,A_6_1,L_4_1,60.0,5520.0,-6310.0,A_6_1 ──(60.0)──▶ L_4_1
M882,A_6_1,L_9_1,70.0,5520.0,-6370.0,A_6_1 ──(70.0)──▶ L_9_1
M883,A_1_1,L_3_1,50.0,5890.0,-4760.0,A_1_1 ──(50.0)──▶ L_3_1
M884,A_1_1,L_6_1,30.0,5890.0,-5350.0,A_1_1 ──(30.0)──▶ L_6_1
M885,A_5_1,L_8_1,80.0,5280.0,-5180.0,A_5_1 ──(80.0)──▶ L_8_1
M886,A_3_1,L_2_1,60.0,6320.0,-4050.0,A_3_1 ──(60.0)──▶ L_2_1
M887,A_3_1,L_5_1,60.0,6320.0,-5100.0,A_3_1 ──(60.0)──▶ L_5_1
M888,A_3_1,L_6_1,70.0,6320.0,-5350.0,A_3_1 ──(70.0)──▶ L_6_1
M889,A_7_1,L_9_1,90.0,5470.0,-6370.0,A_7_1 ──(90.0)──▶ L_9_1
M890,A_5_1,L_9_1,70.0,5280.0,-6370.0,A_5_1 ──(70.0)──▶ L_9_1
M891,A_3_1,L_8_1,70.0,6320.0,-5180.0,A_3_1 ──(70.0)──▶ L_8_1
M892,A_4_1,L_2_1,100.0,5730.0,-4050.0,A_4_1 ──(100.0)──▶ L_2_1
M893,A_9_1,L_4_1,10.0,5000.0,-6310.0,A_9_1 ──(10.0)──▶ L_4_1
M894,A_4_1,L_10_1,50.0,5730.0,-6620.0,A_4_1 ──(50.0)──▶ L_10_1
M895,A_4_1,L_1_1,70.0,5730.0,-6080.0,A_4_1 ──(70.0)──▶ L_1_1
M896,A_1_1,L_6_1,20.0,5890.0,-5350.0,A_1_1 ──(20.0)──▶ L_6_1
M897,A_4_1,L_10_1,50.0,5730.0,-6620.0,A_4_1 ──(50.0)──▶ L_10_1
M898,A_1_1,L_10_1,10.0,5890.0,-6620.0,A_1_1 ──(10.0)──▶ L_10_1
M899,A_3_1,L_6_1,60.0,6320.0,-5350.0,A_3_1 ──(60.0)──▶ L_6_1
M900,A_2_1,L_7_1,100.0,5000.0,-5220.0,A_2_1 ──(100.0)──▶ L_7_1
M901,A_6_1,L_10_1,70.0,5520.0,-6620.0,A_6_1 ──(70.0)──▶ L_10_1
M902,A_10_1,L_3_1,90.0,5580.0,-4760.0,A_10_1 ──(90.0)──▶ L_3_1
M903,A_5_1,L_7_1,20.0,5280.0,-5220.0,A_5_1 ──(20.0)──▶ L_7_1
M904,A_3_1,L_4_1,100.0,6320.0,-6310.0,A_3_1 ──(100.0)──▶ L_4_1
M905,A_5_1,L_7_1,70.0,5280.0,-5220.0,A_5_1 ──(70.0)──▶ L_7_1
M906,A_10_1,L_7_1,20.0,5580.0,-5220.0,A_10_1 ──(20.0)──▶ L_7_1
M907,A_1_1,L_4_1,60.0,5890.0,-6310.0,A_1_1 ──(60.0)──▶ L_4_1
M908,A_3_1,L_8_1,30.0,6320.0,-5180.0,A_3_1 ──(30.0)──▶ L_8_1
M909,A_3_1,L_4_1,100.0,6320.0,-6310.0,A_3_1 ──(100.0)──▶ L_4_1
M910,A_10_1,L_6_1,90.0,5580.0,-5350.0,A_10_1 ──(90.0)──▶ L_6_1
M911,A_5_1,L_10_1,90.0,5280.0,-6620.0,A_5_1 ──(90.0)──▶ L_10_1
M912,A_7_1,L_8_1,40.0,5470.0,-5180.0,A_7_1 ──(40.0)──▶ L_8_1
M913,A_9_1,L_4_1,10.0,5000.0,-6310.0,A_9_1 ──(10.0)──▶ L_4_1
M914,A_6_1,L_1_1,50.0,5520.0,-6080.0,A_6_1 ──(50.0)──▶ L_1_1
M915,A_5_1,L_9_1,20.0,5280.0,-6370.0,A_5_1 ──(20.0)──▶ L_9_1
M916,A_8_1,L_6_1,20.0,5250.0,-5350.0,A_8_1 ──(20.0)──▶ L_6_1
M917,A_10_1,L_9_1,100.0,5580.0,-6370.0,A_10_1 ──(100.0)──▶ L_9_1
M918,A_8_1,L_2_1,90.0,5250.0,-4050.0,A_8_1 ──(90.0)──▶ L_2_1
M919,A_10_1,L_4_1,70.0,5580.0,-6310.0,A_10_1 ──(70.0)──▶ L_4_1
M920,A_2_1,L_10_1,80.0,5000.0,-6620.0,A_2_1 ──(80.0)──▶ L_10_1
M921,A_5_1,L_2_1,30.0,5280.0,-4050.0,A_5_1 ──(30.0)──▶ L_2_1
M922,A_10_1,L_5_1,20.0,5580.0,-5100.0,A_10_1 ──(20.0)──▶ L_5_1
M923,A_7_1,L_2_1,40.0,5470.0,-4050.0,A_7_1 ──(40.0)──▶ L_2_1
M924,A_6_1,L_10_1,80.0,5520.0,-6620.0,A_6_1 ──(80.0)──▶ L_10_1
M925,A_8_1,L_2_1,70.0,5250.0,-4050.0,A_8_1 ──(70.0)──▶ L_2_1
M926,A_4_1,L_6_1,90.0,5730.0,-5350.0,A_4_1 ──(90.0)──▶ L_6_1
M927,A_6_1,L_9_1,30.0,5520.0,-6370.0,A_6_1 ──(30.0)──▶ L_9_1
M928,A_3_1,L_1_1,40.0,6320.0,-6080.0,A_3_1 ──(40.0)──▶ L_1_1
M929,A_1_1,L_2_1,40.0,5890.0,-4050.0,A_1_1 ──(40.0)──▶ L_2_1
M930,A_4_1,L_3_1,30.0,5730.0,-4760.0,A_4_1 ──(30.0)──▶ L_3_1
M931,A_5_1,L_7_1,40.0,5280.0,-5220.0,A_5_1 ──(40.0)──▶ L_7_1
M932,A_10_1,L_2_1,20.0,5580.0,-4050.0,A_10_1 ──(20.0)──▶ L_2_1
M933,A_9_1,L_3_1,60.0,5000.0,-4760.0,A_9_1 ──(60.0)──▶ L_3_1
M934,A_7_1,L_2_1,60.0,5470.0,-4050.0,A_7_1 ──(60.0)──▶ L_2_1
M935,A_4_1,L_2_1,10.0,5730.0,-4050.0,A_4_1 ──(10.0)──▶ L_2_1
M936,A_3_1,L_10_1,80.0,6320.0,-6620.0,A_3_1 ──(80.0)──▶ L_10_1
M937,A_1_1,L_5_1,60.0,5890.0,-5100.0,A_1_1 ──(60.0)──▶ L_5_1
M938,A_1_1,L_4_1,70.0,5890.0,-6310.0,A_1_1 ──(70.0)──▶ L_4_1
M939,A_7_1,L_4_1,20.0,5470.0,-6310.0,A_7_1 ──(20.0)──▶ L_4_1
M940,A_10_1,L_2_1,30.0,5580.0,-4050.0,A_10_1 ──(30.0)──▶ L_2_1
M941,A_2_1,L_1_1,80.0,5000.0,-6080.0,A_2_1 ──(80.0)──▶ L_1_1
M942,A_1_1,L_7_1,30.0,5890.0,-5220.0,A_1_1 ──(30.0)──▶ L_7_1
M943,A_10_1,L_1_1,70.0,5580.0,-6080.0,A_10_1 ──(70.0)──▶ L_1_1
M944,A_5_1,L_1_1,10.0,5280.0,-6080.0,A_5_1 ──(10.0)──▶ L_1_1
M945,A_7_1,L_4_1,70.0,5470.0,-6310.0,A_7_1 ──(70.0)──▶ L_4_1
M946,A_8_1,L_9_1,40.0,5250.0,-6370.0,A_8_1 ──(40.0)──▶ L_9_1
M947,A_4_1,L_3_1,10.0,5730.0,-4760.0,A_4_1 ──(10.0)──▶ L_3_1
M948,A_3_1,L_10_1,100.0,6320.0,-6620.0,A_3_1 ──(100.0)──▶ L_10_1
M949,A_4_1,L_3_1,80.0,5730.0,-4760.0,A_4_1 ──(80.0)──▶ L_3_1
M950,A_5_1,L_9_1,30.0,5280.0,-6370.0,A_5_1 ──(30.0)──▶ L_9_1
M951,A_10_1,L_8_1,20.0,5580.0,-5180.0,A_10_1 ──(20.0)──▶ L_8_1
M952,A_7_1,L_3_1,70.0,5470.0,-4760.0,A_7_1 ──(70.0)──▶ L_3_1
M953,A_8_1,L_4_1,70.0,5250.0,-6310.0,A_8_1 ──(70.0)──▶ L_4_1
M954,A_9_1,L_4_1,70.0,5000.0,-6310.0,A_9_1 ──(70.0)──▶ L_4_1
M955,A_7_1,L_4_1,20.0,5470.0,-6310.0,A_7_1 ──(20.0)──▶ L_4_1
M956,A_2_1,L_4_1,90.0,5000.0,-6310.0,A_2_1 ──(90.0)──▶ L_4_1
M957,A_8_1,L_9_1,80.0,5250.0,-6370.0,A_8_1 ──(80.0)──▶ L_9_1
M958,A_4_1,L_10_1,50.0,5730.0,-6620.0,A_4_1 ──(50.0)──▶ L_10_1
M959,A_6_1,L_9_1,60.0,5520.0,-6370.0,A_6_1 ──(60.0)──▶ L_9_1
M960,A_10_1,L_6_1,10.0,5580.0,-5350.0,A_10_1 ──(10.0)──▶ L_6_1
M961,A_9_1,L_3_1,100.0,5000.0,-4760.0,A_9_1 ──(100.0)──▶ L_3_1
M962,A_1_1,L_2_1,60.0,5890.0,-4050.0,A_1_1 ──(60.0)──▶ L_2_1
M963,A_5_1,L_4_1,50.0,5280.0,-6310.0,A_5_1 ──(50.0)──▶ L_4_1
M964,A_3_1,L_7_1,90.0,6320.0,-5220.0,A_3_1 ──(90.0)──▶ L_7_1
M965,A_2_1,L_4_1,10.0,5000.0,-6310.0,A_2_1 ──(10.0)──▶ L_4_1
M966,A_5_1,L_10_1,90.0,5280.0,-6620.0,A_5_1 ──(90.0)──▶ L_10_1
M967,A_1_1,L_8_1,40.0,5890.0,-5180.0,A_1_1 ──(40.0)──▶ L_8_1
M968,A_4_1,L_3_1,10.0,5730.0,-4760.0,A_4_1 ──(10.0)──▶ L_3_1
M969,A_8_1,L_10_1,60.0,5250.0,-6620.0,A_8_1 ──(60.0)──▶ L_10_1
M970,A_3_1,L_8_1,100.0,6320.0,-5180.0,A_3_1 ──(100.0)──▶ L_8_1
M971,A_9_1,L_8_1,60.0,5000.0,-5180.0,A_9_1 ──(60.0)──▶ L_8_1
M972,A_8_1,L_5_1,70.0,5250.0,-5100.0,A_8_1 ──(70.0)──▶ L_5_1
M973,A_1_1,L_10_1,40.0,5890.0,-6620.0,A_1_1 ──(40.0)──▶ L_10_1
M974,A_4_1,L_7_1,70.0,5730.0,-5220.0,A_4_1 ──(70.0)──▶ L_7_1
M975,A_1_1,L_9_1,90.0,5890.0,-6370.0,A_1_1 ──(90.0)──▶ L_9_1
M976,A_1_1,L_8_1,40.0,5890.0,-5180.0,A_1_1 ──(40.0)──▶ L_8_1
M977,A_8_1,L_4_1,50.0,5250.0,-6310.0,A_8_1 ──(50.0)──▶ L_4_1
M978,A_2_1,L_7_1,80.0,5000.0,-5220.0,A_2_1 ──(80.0)──▶ L_7_1
M979,A_7_1,L_9_1,50.0,5470.0,-6370.0,A_7_1 ──(50.0)──▶ L_9_1
M980,A_7_1,L_5_1,40.0,5470.0,-5100.0,A_7_1 ──(40.0)──▶ L_5_1
M981,A_6_1,L_8_1,30.0,5520.0,-5180.0,A_6_1 ──(30.0)──▶ L_8_1
M982,A_8_1,L_6_1,100.0,5250.0,-5350.0,A_8_1 ──(100.0)──▶ L_6_1
M983,A_8_1,L_3_1,20.0,5250.0,-4760.0,A_8_1 ──(20.0)──▶ L_3_1
M984,A_4_1,L_1_1,60.0,5730.0,-6080.0,A_4_1 ──(60.0)──▶ L_1_1
M985,A_10_1,L_4_1,30.0,5580.0,-6310.0,A_10_1 ──(30.0)──▶ L_4_1
M986,A_1_1,L_6_1,40.0,5890.0,-5350.0,A_1_1 ──(40.0)──▶ L_6_1
M987,A_2_1,L_6_1,100.0,5000.0,-5350.0,A_2_1 ──(100.0)──▶ L_6_1
M988,A_4_1,L_1_1,40.0,5730.0,-6080.0,A_4_1 ──(40.0)──▶ L_1_1
M989,A_4_1,L_1_1,20.0,5730.0,-6080.0,A_4_1 ──(20.0)──▶ L_1_1
M990,A_5_1,L_1_1,40.0,5280.0,-6080.0,A_5_1 ──(40.0)──▶ L_1_1
M991,A_7_1,L_9_1,80.0,5470.0,-6370.0,A_7_1 ──(80.0)──▶ L_9_1
M992,A_2_1,L_7_1,80.0,5000.0,-5220.0,A_2_1 ──(80.0)──▶ L_7_1
M993,A_4_1,L_1_1,60.0,5730.0,-6080.0,A_4_1 ──(60.0)──▶ L_1_1
M994,A_5_1,L_8_1,20.0,5280.0,-5180.0,A_5_1 ──(20.0)──▶ L_8_1
M995,A_5_1,L_9_1,60.0,5280.0,-6370.0,A_5_1 ──(60.0)──▶ L_9_1
M996,A_6_1,L_3_1,100.0,5520.0,-4760.0,A_6_1 ──(100.0)──▶ L_3_1
M997,A_8_1,L_5_1,50.0,5250.0,-5100.0,A_8_1 ──(50.0)──▶ L_5_1
M998,A_5_1,L_1_1,60.0,5280.0,-6080.0,A_5_1 ──(60.0)──▶ L_1_1
M999,A_10_1,L_4_1,100.0,5580.0,-6310.0,A_10_1 ──(100.0)──▶ L_4_1
M1000,A_8_1,L_10_1,70.0,5250.0,-6620.0,A_8_1 ──(70.0)──▶ L_10_1
